section,line_hint,figure_panel,metric,group,value,uncertainty,n,unit,source_file,verified,suggested_sentence,notes
2.1,157-166,Fig. 1C/1D,final_dataset_size,all records,159,,159,records,..\notebooks\hydrovoltaic_dataset_phase2_input_utf8.csv,yes,"After scope screening and unit standardization, the final modeling dataset contained 159 non-galvanic hydrovoltaic device records.",
2.1/2.2,157-195,Fig. 1D,Jsc_availability,Jsc,159,,159,records out of 159,..\notebooks\hydrovoltaic_dataset_phase2_input_utf8.csv,yes,,
2.1/2.2,157-195,Fig. 1D,Voc_availability,Voc,159,,159,records out of 159,..\notebooks\hydrovoltaic_dataset_phase2_input_utf8.csv,yes,,
2.1/2.2,157-195,Fig. 1D,inorganic_electrolyte_availability,inorganic_electrolyte,159,,159,records out of 159,..\notebooks\hydrovoltaic_dataset_phase2_input_utf8.csv,yes,,
2.1/2.2,157-195,Fig. 1D,ion_availability,ion,159,,159,records out of 159,..\notebooks\hydrovoltaic_dataset_phase2_input_utf8.csv,yes,,
2.1/2.2,157-195,Fig. 1D,log_R_availability,log_R,112,,159,records out of 159,..\notebooks\hydrovoltaic_dataset_phase2_input_utf8.csv,yes,,
2.1/2.2,157-195,Fig. 1D,mechanism_availability,mechanism,159,,159,records out of 159,..\notebooks\hydrovoltaic_dataset_phase2_input_utf8.csv,yes,,
2.1/2.2,157-195,Fig. 1D,reported_power_density_availability,reported_power_density,108,,159,records out of 159,..\notebooks\hydrovoltaic_dataset_phase2_input_utf8.csv,yes,,
2.1/2.2,157-195,Fig. 1D,structure_availability,structure,159,,159,records out of 159,..\notebooks\hydrovoltaic_dataset_phase2_input_utf8.csv,yes,,
2.1/2.2,157-195,Fig. 1D,target_availability,target,159,,159,records out of 159,..\notebooks\hydrovoltaic_dataset_phase2_input_utf8.csv,yes,,
2.3,203-207,Descriptor framework,log_base,all log-transformed variables,base-10,,,log scale,analysis convention,yes,A base-10 logarithm was used throughout the analysis.,
2.3,224-226,Fig. 1C,ion_count,anion,9,,159,records,..\results\paper_numbers\section2_ion_counts.csv,yes,,
2.3,224-226,Fig. 1C,ion_count,other_cation,54,,159,records,..\results\paper_numbers\section2_ion_counts.csv,yes,,
2.3,224-226,Fig. 1C,ion_count,proton,96,,159,records,..\results\paper_numbers\section2_ion_counts.csv,yes,,
2.3,224-226,Fig. 1C,structure_count,film,22,,159,records,..\results\paper_numbers\section2_structure_counts.csv,yes,,
2.3,224-226,Fig. 1C,structure_count,hydrogel,14,,159,records,..\results\paper_numbers\section2_structure_counts.csv,yes,,
2.3,224-226,Fig. 1C,structure_count,hydrogel + film,1,,159,records,..\results\paper_numbers\section2_structure_counts.csv,yes,,
2.3,224-226,Fig. 1C,structure_count,hydrogel + porous,4,,159,records,..\results\paper_numbers\section2_structure_counts.csv,yes,,
2.3,224-226,Fig. 1C,structure_count,porous,118,,159,records,..\results\paper_numbers\section2_structure_counts.csv,yes,,
3.1,257-263,Fig. 2A,mechanism_group_median_log_P_est,ion_gradient,0.209,"mean=-0.050, std=1.338",107,log(P_est),..\results\paper_numbers\section3_mechanism_group_summary.csv,yes,,
3.1,257-263,Fig. 2A,mechanism_group_median_log_P_est,streaming,-1.114,"mean=-1.058, std=1.010",52,log(P_est),..\results\paper_numbers\section3_mechanism_group_summary.csv,yes,,
3.2,271-278,Fig. 2B,structure_group_median_log_P_est,film,0.671,"mean=0.524, std=1.150",22,log(P_est),..\results\paper_numbers\section3_structure_group_summary.csv,yes,,
3.2,271-278,Fig. 2B,structure_group_median_log_P_est,hydrogel,0.077,"mean=0.128, std=0.737",14,log(P_est),..\results\paper_numbers\section3_structure_group_summary.csv,yes,,
3.2,271-278,Fig. 2B,structure_group_median_log_P_est,hydrogel + film,1.006,"mean=1.006, std=",1,log(P_est),..\results\paper_numbers\section3_structure_group_summary.csv,yes,,
3.2,271-278,Fig. 2B,structure_group_median_log_P_est,hydrogel + porous,0.780,"mean=0.770, std=0.362",4,log(P_est),..\results\paper_numbers\section3_structure_group_summary.csv,yes,,
3.2,271-278,Fig. 2B,structure_group_median_log_P_est,porous,-0.824,"mean=-0.660, std=1.321",118,log(P_est),..\results\paper_numbers\section3_structure_group_summary.csv,yes,,
3.2,279-285,Fig. 2C,ion_group_median_log_P_est,anion,-0.700,"mean=-0.914, std=1.259",9,log(P_est),..\results\paper_numbers\section3_ion_group_summary.csv,yes,,
3.2,279-285,Fig. 2C,ion_group_median_log_P_est,other_cation,0.457,"mean=0.344, std=0.972",54,log(P_est),..\results\paper_numbers\section3_ion_group_summary.csv,yes,,
3.2,279-285,Fig. 2C,ion_group_median_log_P_est,proton,-0.974,"mean=-0.738, std=1.343",96,log(P_est),..\results\paper_numbers\section3_ion_group_summary.csv,yes,,
4.2,331-342,Fig. 3A,model_family_cv_R2,Elastic Net,0.203,0.187,112,CV R2,..\results\figure3_model_comparison\fig3A_tuned_model_comparison.csv,yes,,Validated R1C2 common observed-R subset; no resistance imputation.
4.2,331-342,Fig. 3A,model_family_cv_R2,Random Forest,0.179,0.234,112,CV R2,..\results\figure3_model_comparison\fig3A_tuned_model_comparison.csv,yes,,Validated R1C2 common observed-R subset; no resistance imputation.
4.2,331-342,Fig. 3A,model_family_cv_R2,SVR,0.187,0.185,112,CV R2,..\results\figure3_model_comparison\fig3A_tuned_model_comparison.csv,yes,,Validated R1C2 common observed-R subset; no resistance imputation.
4.2,331-342,Fig. 3A,model_family_cv_R2,XGBoost,0.143,0.231,112,CV R2,..\results\figure3_model_comparison\fig3A_tuned_model_comparison.csv,yes,,Validated R1C2 common observed-R subset; no resistance imputation.
4.3,343-354,Fig. 3B,model_A_to_B_improvement,Elastic Net,0.107,"Model A=0.137, Model B=0.243",112,Delta CV R2,..\results\figure3_model_comparison\fig3B_modelA_modelB_descriptor_augmentation.csv,yes,,Validated R1C2 common observed-R subset; Model A/B use identical CV splits; no resistance imputation.
4.3,343-354,Fig. 3B,model_A_to_B_improvement,Random Forest,0.068,"Model A=0.079, Model B=0.147",112,Delta CV R2,..\results\figure3_model_comparison\fig3B_modelA_modelB_descriptor_augmentation.csv,yes,,Validated R1C2 common observed-R subset; Model A/B use identical CV splits; no resistance imputation.
4.3,343-354,Fig. 3B,model_A_to_B_improvement,SVR,0.187,"Model A=-0.104, Model B=0.083",112,Delta CV R2,..\results\figure3_model_comparison\fig3B_modelA_modelB_descriptor_augmentation.csv,yes,,Validated R1C2 common observed-R subset; Model A/B use identical CV splits; no resistance imputation.
4.3,343-354,Fig. 3B,model_A_to_B_improvement,XGBoost,0.130,"Model A=-0.108, Model B=0.021",112,Delta CV R2,..\results\figure3_model_comparison\fig3B_modelA_modelB_descriptor_augmentation.csv,yes,,Validated R1C2 common observed-R subset; Model A/B use identical CV splits; no resistance imputation.
4.4,360-366,Fig. 3C,feature_block_ablation_delta_R2,Internal resistance,-0.062,"R2 after removal=0.087, std=0.301",112,Delta CV R2,..\results\figure3_model_comparison\fig3C_feature_block_ablation.csv,yes,,Validated R1C2 common observed-R subset; no resistance imputation.
4.4,360-366,Fig. 3C,feature_block_ablation_delta_R2,Ion type,-0.002,"R2 after removal=0.146, std=0.270",112,Delta CV R2,..\results\figure3_model_comparison\fig3C_feature_block_ablation.csv,yes,,Validated R1C2 common observed-R subset; no resistance imputation.
4.4,360-366,Fig. 3C,feature_block_ablation_delta_R2,Material class,-0.054,"R2 after removal=0.095, std=0.302",112,Delta CV R2,..\results\figure3_model_comparison\fig3C_feature_block_ablation.csv,yes,,Validated R1C2 common observed-R subset; no resistance imputation.
4.4,360-366,Fig. 3C,feature_block_ablation_delta_R2,Mechanism labels,0.003,"R2 after removal=0.151, std=0.273",112,Delta CV R2,..\results\figure3_model_comparison\fig3C_feature_block_ablation.csv,yes,,Validated R1C2 common observed-R subset; no resistance imputation.
4.4,360-366,Fig. 3C,feature_block_ablation_delta_R2,Structure,-0.022,"R2 after removal=0.127, std=0.274",112,Delta CV R2,..\results\figure3_model_comparison\fig3C_feature_block_ablation.csv,yes,,Validated R1C2 common observed-R subset; no resistance imputation.
4.4,372-378,Fig. 3D,mean_abs_SHAP,Anion,0.005,,112,mean absolute SHAP value,..\results\figure3_model_comparison\fig3D_SHAP_descriptor_importance.csv,yes,,Validated R1C2 observed-R population; no resistance imputation.
4.4,372-378,Fig. 3D,mean_abs_SHAP,Bottom Electrode Ag,0.011,,112,mean absolute SHAP value,..\results\figure3_model_comparison\fig3D_SHAP_descriptor_importance.csv,yes,,Validated R1C2 observed-R population; no resistance imputation.
4.4,372-378,Fig. 3D,mean_abs_SHAP,Bottom Electrode Al,0.003,,112,mean absolute SHAP value,..\results\figure3_model_comparison\fig3D_SHAP_descriptor_importance.csv,yes,,Validated R1C2 observed-R population; no resistance imputation.
4.4,372-378,Fig. 3D,mean_abs_SHAP,Bottom Electrode Au,0.041,,112,mean absolute SHAP value,..\results\figure3_model_comparison\fig3D_SHAP_descriptor_importance.csv,yes,,Validated R1C2 observed-R population; no resistance imputation.
4.4,372-378,Fig. 3D,mean_abs_SHAP,Bottom Electrode Carbon,0.006,,112,mean absolute SHAP value,..\results\figure3_model_comparison\fig3D_SHAP_descriptor_importance.csv,yes,,Validated R1C2 observed-R population; no resistance imputation.
4.4,372-378,Fig. 3D,mean_abs_SHAP,Bottom Electrode Cnt,0.003,,112,mean absolute SHAP value,..\results\figure3_model_comparison\fig3D_SHAP_descriptor_importance.csv,yes,,Validated R1C2 observed-R population; no resistance imputation.
4.4,372-378,Fig. 3D,mean_abs_SHAP,Bottom Electrode Cu,0.050,,112,mean absolute SHAP value,..\results\figure3_model_comparison\fig3D_SHAP_descriptor_importance.csv,yes,,Validated R1C2 observed-R population; no resistance imputation.
4.4,372-378,Fig. 3D,mean_abs_SHAP,Bottom Electrode Ni,0.001,,112,mean absolute SHAP value,..\results\figure3_model_comparison\fig3D_SHAP_descriptor_importance.csv,yes,,Validated R1C2 observed-R population; no resistance imputation.
4.4,372-378,Fig. 3D,mean_abs_SHAP,Bottom Electrode Pt,0.008,,112,mean absolute SHAP value,..\results\figure3_model_comparison\fig3D_SHAP_descriptor_importance.csv,yes,,Validated R1C2 observed-R population; no resistance imputation.
4.4,372-378,Fig. 3D,mean_abs_SHAP,Bottom Electrode Steel,0.003,,112,mean absolute SHAP value,..\results\figure3_model_comparison\fig3D_SHAP_descriptor_importance.csv,yes,,Validated R1C2 observed-R population; no resistance imputation.
4.4,372-378,Fig. 3D,mean_abs_SHAP,Bottom Electrode Ti,0.007,,112,mean absolute SHAP value,..\results\figure3_model_comparison\fig3D_SHAP_descriptor_importance.csv,yes,,Validated R1C2 observed-R population; no resistance imputation.
4.4,372-378,Fig. 3D,mean_abs_SHAP,Bottom Electrode To,0.000,,112,mean absolute SHAP value,..\results\figure3_model_comparison\fig3D_SHAP_descriptor_importance.csv,yes,,Validated R1C2 observed-R population; no resistance imputation.
4.4,372-378,Fig. 3D,mean_abs_SHAP,Built In Asymmetry,0.006,,112,mean absolute SHAP value,..\results\figure3_model_comparison\fig3D_SHAP_descriptor_importance.csv,yes,,Validated R1C2 observed-R population; no resistance imputation.
4.4,372-378,Fig. 3D,mean_abs_SHAP,Electrode Symmetry,0.017,,112,mean absolute SHAP value,..\results\figure3_model_comparison\fig3D_SHAP_descriptor_importance.csv,yes,,Validated R1C2 observed-R population; no resistance imputation.
4.4,372-378,Fig. 3D,mean_abs_SHAP,Film structure,0.049,,112,mean absolute SHAP value,..\results\figure3_model_comparison\fig3D_SHAP_descriptor_importance.csv,yes,,Validated R1C2 observed-R population; no resistance imputation.
4.4,372-378,Fig. 3D,mean_abs_SHAP,Has Anionic,0.010,,112,mean absolute SHAP value,..\results\figure3_model_comparison\fig3D_SHAP_descriptor_importance.csv,yes,,Validated R1C2 observed-R population; no resistance imputation.
4.4,372-378,Fig. 3D,mean_abs_SHAP,Has Cationic,0.005,,112,mean absolute SHAP value,..\results\figure3_model_comparison\fig3D_SHAP_descriptor_importance.csv,yes,,Validated R1C2 observed-R population; no resistance imputation.
4.4,372-378,Fig. 3D,mean_abs_SHAP,Has Zwitterionic,0.012,,112,mean absolute SHAP value,..\results\figure3_model_comparison\fig3D_SHAP_descriptor_importance.csv,yes,,Validated R1C2 observed-R population; no resistance imputation.
4.4,372-378,Fig. 3D,mean_abs_SHAP,Inorganic Electrolyte Present,0.018,,112,mean absolute SHAP value,..\results\figure3_model_comparison\fig3D_SHAP_descriptor_importance.csv,yes,,Validated R1C2 observed-R population; no resistance imputation.
4.4,372-378,Fig. 3D,mean_abs_SHAP,Ion-gradient label,0.033,,112,mean absolute SHAP value,..\results\figure3_model_comparison\fig3D_SHAP_descriptor_importance.csv,yes,,Validated R1C2 observed-R population; no resistance imputation.
4.4,372-378,Fig. 3D,mean_abs_SHAP,"Ionic Groups Amino, Hydroxyl",0.002,,112,mean absolute SHAP value,..\results\figure3_model_comparison\fig3D_SHAP_descriptor_importance.csv,yes,,Validated R1C2 observed-R population; no resistance imputation.
4.4,372-378,Fig. 3D,mean_abs_SHAP,Ionic Groups Ammonium,0.000,,112,mean absolute SHAP value,..\results\figure3_model_comparison\fig3D_SHAP_descriptor_importance.csv,yes,,Validated R1C2 observed-R population; no resistance imputation.
4.4,372-378,Fig. 3D,mean_abs_SHAP,Ionic Groups Carboxyl,0.002,,112,mean absolute SHAP value,..\results\figure3_model_comparison\fig3D_SHAP_descriptor_importance.csv,yes,,Validated R1C2 observed-R population; no resistance imputation.
4.4,372-378,Fig. 3D,mean_abs_SHAP,"Ionic Groups Carboxyl, Hydroxyl",0.026,,112,mean absolute SHAP value,..\results\figure3_model_comparison\fig3D_SHAP_descriptor_importance.csv,yes,,Validated R1C2 observed-R population; no resistance imputation.
4.4,372-378,Fig. 3D,mean_abs_SHAP,"Ionic Groups Carboxyl, Hydroxyl ",0.005,,112,mean absolute SHAP value,..\results\figure3_model_comparison\fig3D_SHAP_descriptor_importance.csv,yes,,Validated R1C2 observed-R population; no resistance imputation.
4.4,372-378,Fig. 3D,mean_abs_SHAP,"Ionic Groups Carboxyl, Hydroxyl, Amino",0.025,,112,mean absolute SHAP value,..\results\figure3_model_comparison\fig3D_SHAP_descriptor_importance.csv,yes,,Validated R1C2 observed-R population; no resistance imputation.
4.4,372-378,Fig. 3D,mean_abs_SHAP,"Ionic Groups Carboxyl, Hydroxyl, Amino ",0.001,,112,mean absolute SHAP value,..\results\figure3_model_comparison\fig3D_SHAP_descriptor_importance.csv,yes,,Validated R1C2 observed-R population; no resistance imputation.
4.4,372-378,Fig. 3D,mean_abs_SHAP,"Ionic Groups Carboxyl, Hydroxyl, Imidazolium, Bromide ",0.000,,112,mean absolute SHAP value,..\results\figure3_model_comparison\fig3D_SHAP_descriptor_importance.csv,yes,,Validated R1C2 observed-R population; no resistance imputation.
4.4,372-378,Fig. 3D,mean_abs_SHAP,"Ionic Groups Carboxyl, Hydroxyl, Imidazolium, Chloride ",0.000,,112,mean absolute SHAP value,..\results\figure3_model_comparison\fig3D_SHAP_descriptor_importance.csv,yes,,Validated R1C2 observed-R population; no resistance imputation.
4.4,372-378,Fig. 3D,mean_abs_SHAP,"Ionic Groups Carboxyl, Hydroxyl, Sulfonate",0.001,,112,mean absolute SHAP value,..\results\figure3_model_comparison\fig3D_SHAP_descriptor_importance.csv,yes,,Validated R1C2 observed-R population; no resistance imputation.
4.4,372-378,Fig. 3D,mean_abs_SHAP,"Ionic Groups Carboxyl, Hydroxyl, Sulfonate ",0.000,,112,mean absolute SHAP value,..\results\figure3_model_comparison\fig3D_SHAP_descriptor_importance.csv,yes,,Validated R1C2 observed-R population; no resistance imputation.
4.4,372-378,Fig. 3D,mean_abs_SHAP,"Ionic Groups Carboxyl, Hydroxyl, Sulfonate, Amino",0.003,,112,mean absolute SHAP value,..\results\figure3_model_comparison\fig3D_SHAP_descriptor_importance.csv,yes,,Validated R1C2 observed-R population; no resistance imputation.
4.4,372-378,Fig. 3D,mean_abs_SHAP,"Ionic Groups Carboxyl, Hydroxyl, Quaternary Ammonium",0.000,,112,mean absolute SHAP value,..\results\figure3_model_comparison\fig3D_SHAP_descriptor_importance.csv,yes,,Validated R1C2 observed-R population; no resistance imputation.
4.4,372-378,Fig. 3D,mean_abs_SHAP,"Ionic Groups Carboxyl, Quaternary Ammonium, Amide ",0.001,,112,mean absolute SHAP value,..\results\figure3_model_comparison\fig3D_SHAP_descriptor_importance.csv,yes,,Validated R1C2 observed-R population; no resistance imputation.
4.4,372-378,Fig. 3D,mean_abs_SHAP,"Ionic Groups Carboxyl, Quaternary Ammonium, Amino, Hydroxyl ",0.002,,112,mean absolute SHAP value,..\results\figure3_model_comparison\fig3D_SHAP_descriptor_importance.csv,yes,,Validated R1C2 observed-R population; no resistance imputation.
4.4,372-378,Fig. 3D,mean_abs_SHAP,Ionic Groups Carboxylate,0.000,,112,mean absolute SHAP value,..\results\figure3_model_comparison\fig3D_SHAP_descriptor_importance.csv,yes,,Validated R1C2 observed-R population; no resistance imputation.
4.4,372-378,Fig. 3D,mean_abs_SHAP,Ionic Groups Hydroxyl,0.007,,112,mean absolute SHAP value,..\results\figure3_model_comparison\fig3D_SHAP_descriptor_importance.csv,yes,,Validated R1C2 observed-R population; no resistance imputation.
4.4,372-378,Fig. 3D,mean_abs_SHAP,"Ionic Groups Hydroxyl, Carboxyl, Amino",0.001,,112,mean absolute SHAP value,..\results\figure3_model_comparison\fig3D_SHAP_descriptor_importance.csv,yes,,Validated R1C2 observed-R population; no resistance imputation.
4.4,372-378,Fig. 3D,mean_abs_SHAP,"Ionic Groups Hydroxyl, Carboxyl, Amino ",0.001,,112,mean absolute SHAP value,..\results\figure3_model_comparison\fig3D_SHAP_descriptor_importance.csv,yes,,Validated R1C2 observed-R population; no resistance imputation.
4.4,372-378,Fig. 3D,mean_abs_SHAP,"Ionic Groups Hydroxyl, Cyano",0.001,,112,mean absolute SHAP value,..\results\figure3_model_comparison\fig3D_SHAP_descriptor_importance.csv,yes,,Validated R1C2 observed-R population; no resistance imputation.
4.4,372-378,Fig. 3D,mean_abs_SHAP,"Ionic Groups Hydroxyl, Silanol, Sulfonic Acid",0.000,,112,mean absolute SHAP value,..\results\figure3_model_comparison\fig3D_SHAP_descriptor_importance.csv,yes,,Validated R1C2 observed-R population; no resistance imputation.
4.4,372-378,Fig. 3D,mean_abs_SHAP,"Ionic Groups Hydroxyl, Sulfonate ",0.000,,112,mean absolute SHAP value,..\results\figure3_model_comparison\fig3D_SHAP_descriptor_importance.csv,yes,,Validated R1C2 observed-R population; no resistance imputation.
4.4,372-378,Fig. 3D,mean_abs_SHAP,"Ionic Groups Hydroxyl, Ti-O, Sn-O ",0.011,,112,mean absolute SHAP value,..\results\figure3_model_comparison\fig3D_SHAP_descriptor_importance.csv,yes,,Validated R1C2 observed-R population; no resistance imputation.
4.4,372-378,Fig. 3D,mean_abs_SHAP,"Ionic Groups Imidazole, Sulfonate, Carboxyl, Hydroxyl",0.001,,112,mean absolute SHAP value,..\results\figure3_model_comparison\fig3D_SHAP_descriptor_importance.csv,yes,,Validated R1C2 observed-R population; no resistance imputation.
4.4,372-378,Fig. 3D,mean_abs_SHAP,Ionic Groups Residual Hydrogen On Mos2,0.007,,112,mean absolute SHAP value,..\results\figure3_model_comparison\fig3D_SHAP_descriptor_importance.csv,yes,,Validated R1C2 observed-R population; no resistance imputation.
4.4,372-378,Fig. 3D,mean_abs_SHAP,Ionic Groups Silanol ,0.004,,112,mean absolute SHAP value,..\results\figure3_model_comparison\fig3D_SHAP_descriptor_importance.csv,yes,,Validated R1C2 observed-R population; no resistance imputation.
4.4,372-378,Fig. 3D,mean_abs_SHAP,Ionic Groups Silanol Hydroxyl,0.002,,112,mean absolute SHAP value,..\results\figure3_model_comparison\fig3D_SHAP_descriptor_importance.csv,yes,,Validated R1C2 observed-R population; no resistance imputation.
4.4,372-378,Fig. 3D,mean_abs_SHAP,"Ionic Groups Silanol, Carboxyl, Hydroxyl",0.001,,112,mean absolute SHAP value,..\results\figure3_model_comparison\fig3D_SHAP_descriptor_importance.csv,yes,,Validated R1C2 observed-R population; no resistance imputation.
4.4,372-378,Fig. 3D,mean_abs_SHAP,Ionic Groups Sulfonate,0.021,,112,mean absolute SHAP value,..\results\figure3_model_comparison\fig3D_SHAP_descriptor_importance.csv,yes,,Validated R1C2 observed-R population; no resistance imputation.
4.4,372-378,Fig. 3D,mean_abs_SHAP,"Ionic Groups Sulfonate, Amino",0.001,,112,mean absolute SHAP value,..\results\figure3_model_comparison\fig3D_SHAP_descriptor_importance.csv,yes,,Validated R1C2 observed-R population; no resistance imputation.
4.4,372-378,Fig. 3D,mean_abs_SHAP,"Ionic Groups Sulfonate, Carboxyl, Hydroxyl ",0.001,,112,mean absolute SHAP value,..\results\figure3_model_comparison\fig3D_SHAP_descriptor_importance.csv,yes,,Validated R1C2 observed-R population; no resistance imputation.
4.4,372-378,Fig. 3D,mean_abs_SHAP,"Ionic Groups Sulfonate, Hydroxyl",0.003,,112,mean absolute SHAP value,..\results\figure3_model_comparison\fig3D_SHAP_descriptor_importance.csv,yes,,Validated R1C2 observed-R population; no resistance imputation.
4.4,372-378,Fig. 3D,mean_abs_SHAP,"Ionic Groups Sulfonate, Phosphate, Hydroxyl ",0.000,,112,mean absolute SHAP value,..\results\figure3_model_comparison\fig3D_SHAP_descriptor_importance.csv,yes,,Validated R1C2 observed-R population; no resistance imputation.
4.4,372-378,Fig. 3D,mean_abs_SHAP,"Ionic Groups Sulfonate, Quaternary Ammonium, Hydroxyl ",0.001,,112,mean absolute SHAP value,..\results\figure3_model_comparison\fig3D_SHAP_descriptor_importance.csv,yes,,Validated R1C2 observed-R population; no resistance imputation.
4.4,372-378,Fig. 3D,mean_abs_SHAP,Material Class Biomass,0.051,,112,mean absolute SHAP value,..\results\figure3_model_comparison\fig3D_SHAP_descriptor_importance.csv,yes,,Validated R1C2 observed-R population; no resistance imputation.
4.4,372-378,Fig. 3D,mean_abs_SHAP,Material Class Carbon,0.025,,112,mean absolute SHAP value,..\results\figure3_model_comparison\fig3D_SHAP_descriptor_importance.csv,yes,,Validated R1C2 observed-R population; no resistance imputation.
4.4,372-378,Fig. 3D,mean_abs_SHAP,Material Class Metal Oxide,0.005,,112,mean absolute SHAP value,..\results\figure3_model_comparison\fig3D_SHAP_descriptor_importance.csv,yes,,Validated R1C2 observed-R population; no resistance imputation.
4.4,372-378,Fig. 3D,mean_abs_SHAP,Material Class Mof/Cof,0.001,,112,mean absolute SHAP value,..\results\figure3_model_comparison\fig3D_SHAP_descriptor_importance.csv,yes,,Validated R1C2 observed-R population; no resistance imputation.
4.4,372-378,Fig. 3D,mean_abs_SHAP,Material Class Others,0.010,,112,mean absolute SHAP value,..\results\figure3_model_comparison\fig3D_SHAP_descriptor_importance.csv,yes,,Validated R1C2 observed-R population; no resistance imputation.
4.4,372-378,Fig. 3D,mean_abs_SHAP,Material Class Polymer,0.038,,112,mean absolute SHAP value,..\results\figure3_model_comparison\fig3D_SHAP_descriptor_importance.csv,yes,,Validated R1C2 observed-R population; no resistance imputation.
4.4,372-378,Fig. 3D,mean_abs_SHAP,Material Class Semiconductor,0.007,,112,mean absolute SHAP value,..\results\figure3_model_comparison\fig3D_SHAP_descriptor_importance.csv,yes,,Validated R1C2 observed-R population; no resistance imputation.
4.4,372-378,Fig. 3D,mean_abs_SHAP,Metal Electrode,0.036,,112,mean absolute SHAP value,..\results\figure3_model_comparison\fig3D_SHAP_descriptor_importance.csv,yes,,Validated R1C2 observed-R population; no resistance imputation.
4.4,372-378,Fig. 3D,mean_abs_SHAP,Other cation,0.072,,112,mean absolute SHAP value,..\results\figure3_model_comparison\fig3D_SHAP_descriptor_importance.csv,yes,,Validated R1C2 observed-R population; no resistance imputation.
4.4,372-378,Fig. 3D,mean_abs_SHAP,Polyelectrolyte Present,0.003,,112,mean absolute SHAP value,..\results\figure3_model_comparison\fig3D_SHAP_descriptor_importance.csv,yes,,Validated R1C2 observed-R population; no resistance imputation.
4.4,372-378,Fig. 3D,mean_abs_SHAP,Porous structure,0.013,,112,mean absolute SHAP value,..\results\figure3_model_comparison\fig3D_SHAP_descriptor_importance.csv,yes,,Validated R1C2 observed-R population; no resistance imputation.
4.4,372-378,Fig. 3D,mean_abs_SHAP,Proton,0.047,,112,mean absolute SHAP value,..\results\figure3_model_comparison\fig3D_SHAP_descriptor_importance.csv,yes,,Validated R1C2 observed-R population; no resistance imputation.
4.4,372-378,Fig. 3D,mean_abs_SHAP,Streaming label,0.024,,112,mean absolute SHAP value,..\results\figure3_model_comparison\fig3D_SHAP_descriptor_importance.csv,yes,,Validated R1C2 observed-R population; no resistance imputation.
4.4,372-378,Fig. 3D,mean_abs_SHAP,Structure Class Hydrogel,0.012,,112,mean absolute SHAP value,..\results\figure3_model_comparison\fig3D_SHAP_descriptor_importance.csv,yes,,Validated R1C2 observed-R population; no resistance imputation.
4.4,372-378,Fig. 3D,mean_abs_SHAP,Structure Class Hydrogel + Film,0.000,,112,mean absolute SHAP value,..\results\figure3_model_comparison\fig3D_SHAP_descriptor_importance.csv,yes,,Validated R1C2 observed-R population; no resistance imputation.
4.4,372-378,Fig. 3D,mean_abs_SHAP,Structure Class Hydrogel + Porous,0.001,,112,mean absolute SHAP value,..\results\figure3_model_comparison\fig3D_SHAP_descriptor_importance.csv,yes,,Validated R1C2 observed-R population; no resistance imputation.
4.4,372-378,Fig. 3D,mean_abs_SHAP,Top Electrode Ag,0.007,,112,mean absolute SHAP value,..\results\figure3_model_comparison\fig3D_SHAP_descriptor_importance.csv,yes,,Validated R1C2 observed-R population; no resistance imputation.
4.4,372-378,Fig. 3D,mean_abs_SHAP,Top Electrode Al,0.002,,112,mean absolute SHAP value,..\results\figure3_model_comparison\fig3D_SHAP_descriptor_importance.csv,yes,,Validated R1C2 observed-R population; no resistance imputation.
4.4,372-378,Fig. 3D,mean_abs_SHAP,Top Electrode Au,0.047,,112,mean absolute SHAP value,..\results\figure3_model_comparison\fig3D_SHAP_descriptor_importance.csv,yes,,Validated R1C2 observed-R population; no resistance imputation.
4.4,372-378,Fig. 3D,mean_abs_SHAP,Top Electrode Carbon,0.005,,112,mean absolute SHAP value,..\results\figure3_model_comparison\fig3D_SHAP_descriptor_importance.csv,yes,,Validated R1C2 observed-R population; no resistance imputation.
4.4,372-378,Fig. 3D,mean_abs_SHAP,Top Electrode Cnt,0.004,,112,mean absolute SHAP value,..\results\figure3_model_comparison\fig3D_SHAP_descriptor_importance.csv,yes,,Validated R1C2 observed-R population; no resistance imputation.
4.4,372-378,Fig. 3D,mean_abs_SHAP,Top Electrode Cu,0.052,,112,mean absolute SHAP value,..\results\figure3_model_comparison\fig3D_SHAP_descriptor_importance.csv,yes,,Validated R1C2 observed-R population; no resistance imputation.
4.4,372-378,Fig. 3D,mean_abs_SHAP,Top Electrode Ni,0.000,,112,mean absolute SHAP value,..\results\figure3_model_comparison\fig3D_SHAP_descriptor_importance.csv,yes,,Validated R1C2 observed-R population; no resistance imputation.
4.4,372-378,Fig. 3D,mean_abs_SHAP,Top Electrode Pt,0.011,,112,mean absolute SHAP value,..\results\figure3_model_comparison\fig3D_SHAP_descriptor_importance.csv,yes,,Validated R1C2 observed-R population; no resistance imputation.
4.4,372-378,Fig. 3D,mean_abs_SHAP,Top Electrode Steel,0.003,,112,mean absolute SHAP value,..\results\figure3_model_comparison\fig3D_SHAP_descriptor_importance.csv,yes,,Validated R1C2 observed-R population; no resistance imputation.
4.4,372-378,Fig. 3D,mean_abs_SHAP,Top Electrode Ti,0.011,,112,mean absolute SHAP value,..\results\figure3_model_comparison\fig3D_SHAP_descriptor_importance.csv,yes,,Validated R1C2 observed-R population; no resistance imputation.
4.4,372-378,Fig. 3D,mean_abs_SHAP,Top Electrode To,0.000,,112,mean absolute SHAP value,..\results\figure3_model_comparison\fig3D_SHAP_descriptor_importance.csv,yes,,Validated R1C2 observed-R population; no resistance imputation.
4.4,372-378,Fig. 3D,mean_abs_SHAP,Water Interaction Mode Evaporation Driven,0.011,,112,mean absolute SHAP value,..\results\figure3_model_comparison\fig3D_SHAP_descriptor_importance.csv,yes,,Validated R1C2 observed-R population; no resistance imputation.
4.4,372-378,Fig. 3D,mean_abs_SHAP,Water Interaction Mode Liquid Contact,0.004,,112,mean absolute SHAP value,..\results\figure3_model_comparison\fig3D_SHAP_descriptor_importance.csv,yes,,Validated R1C2 observed-R population; no resistance imputation.
4.4,372-378,Fig. 3D,mean_abs_SHAP,Water Interaction Mode Vapor Adsorption,0.007,,112,mean absolute SHAP value,..\results\figure3_model_comparison\fig3D_SHAP_descriptor_importance.csv,yes,,Validated R1C2 observed-R population; no resistance imputation.
4.4,372-378,Fig. 3D,mean_abs_SHAP,log(R),0.460,,112,mean absolute SHAP value,..\results\figure3_model_comparison\fig3D_SHAP_descriptor_importance.csv,yes,,Validated R1C2 observed-R population; no resistance imputation.
5.2,415-420,Fig. 4B/4C,R_regime_threshold,low-R vs high-R,-1.0,,,"log(R), R in MΩ",notebook 15,yes,"The observed-R subset was divided using a threshold of \(\log(R)=-1\), corresponding to \(R=0.1\ \mathrm{M\Omega}\).",
5.2,415-423,Fig. 4B,R_regime_median_log_P_est,high_R,-0.824,"mean=-0.850, std=1.244",57,log(P_est),..\results\figure4_resistance_regimes\fig4B_R_regime_summary.csv,yes,,
5.2,415-423,Fig. 4B,R_regime_median_log_P_est,low_R,0.455,"mean=0.414, std=0.957",55,log(P_est),..\results\figure4_resistance_regimes\fig4B_R_regime_summary.csv,yes,,
5.3,442-449,Fig. 4D,R_descriptor_cv_R2,R_regime_descriptor,0.297,0.132,,CV R2,..\results\figure4_resistance_regimes\fig4D_R_descriptor_comparison.csv,yes,,
5.3,442-449,Fig. 4D,R_descriptor_cv_R2,baseline_logR,0.251,0.091,,CV R2,..\results\figure4_resistance_regimes\fig4D_R_descriptor_comparison.csv,yes,,
5.3,442-449,Fig. 4D,R_descriptor_cv_R2,centered_logR,0.251,0.091,,CV R2,..\results\figure4_resistance_regimes\fig4D_R_descriptor_comparison.csv,yes,,
6.2,482-487,Fig. 5A,inorganic_electrolyte_group_median_log_R,with_inorganic_electrolyte,-1.658,"mean=-1.427, std=1.019",41,log(R),..\results\figure5_R_origin\fig5A_inorganic_electrolyte_summary.csv,yes,,
6.2,482-487,Fig. 5A,inorganic_electrolyte_group_median_log_R,without_inorganic_electrolyte,0.000,"mean=-0.235, std=1.352",71,log(R),..\results\figure5_R_origin\fig5A_inorganic_electrolyte_summary.csv,yes,,
6.2,494-498,Fig. 5B,ion_type_group_median_log_R,anion,-0.184,"mean=-0.196, std=1.406",8,log(R),..\results\figure5_R_origin\fig5B_ion_type_summary.csv,yes,,
6.2,494-498,Fig. 5B,ion_type_group_median_log_R,other_cation,-1.639,"mean=-1.403, std=1.046",42,log(R),..\results\figure5_R_origin\fig5B_ion_type_summary.csv,yes,,
6.2,494-498,Fig. 5B,ion_type_group_median_log_R,proton,0.000,"mean=-0.236, std=1.353",62,log(R),..\results\figure5_R_origin\fig5B_ion_type_summary.csv,yes,,
6.2/6.3,482-513,Fig5A,statistical_test_p_value,inorganic electrolyte presence,4.104e-06,test=Mann-Whitney U,,p-value,..\results\figure5_R_origin\fig5_statistical_tests.csv,yes,,
6.2/6.3,482-513,Fig5B,statistical_test_p_value,ion type,3.703e-05,test=Kruskal-Wallis,,p-value,..\results\figure5_R_origin\fig5_statistical_tests.csv,yes,,
6.2/6.3,482-513,Fig5C,statistical_test_p_value,structure class,8.126e-03,test=Kruskal-Wallis,,p-value,..\results\figure5_R_origin\fig5_statistical_tests.csv,yes,,
6.3,508-513,Fig. 5C,structure_group_median_log_R,film,-1.000,"mean=-0.946, std=1.173",13,log(R),..\results\figure5_R_origin\fig5C_structure_class_summary.csv,yes,,
6.3,508-513,Fig. 5C,structure_group_median_log_R,hydrogel,-2.000,"mean=-1.709, std=0.915",10,log(R),..\results\figure5_R_origin\fig5C_structure_class_summary.csv,yes,,
6.3,508-513,Fig. 5C,structure_group_median_log_R,hydrogel_+_film,-1.398,"mean=-1.398, std=",1,log(R),..\results\figure5_R_origin\fig5C_structure_class_summary.csv,yes,,
6.3,508-513,Fig. 5C,structure_group_median_log_R,hydrogel_+_porous,-1.849,"mean=-2.080, std=0.635",4,log(R),..\results\figure5_R_origin\fig5C_structure_class_summary.csv,yes,,
6.3,508-513,Fig. 5C,structure_group_median_log_R,porous,-0.228,"mean=-0.429, std=1.371",84,log(R),..\results\figure5_R_origin\fig5C_structure_class_summary.csv,yes,,
7.2,568-582,Fig. 6A,elastic_net_coefficient,Inorganic electrolyte,0.072,,,standardized/encoded coefficient,..\results\figure6_virtual_design\fig6A_linear_descriptor_coefficients_plot.csv,yes,,Coefficients depend on scaling and one-hot encoding; not universal physical constants.
7.2,568-582,Fig. 6A,elastic_net_coefficient,Ion: anion,-0.274,,,standardized/encoded coefficient,..\results\figure6_virtual_design\fig6A_linear_descriptor_coefficients_plot.csv,yes,,Coefficients depend on scaling and one-hot encoding; not universal physical constants.
7.2,568-582,Fig. 6A,elastic_net_coefficient,Ion: other cation,0.506,,,standardized/encoded coefficient,..\results\figure6_virtual_design\fig6A_linear_descriptor_coefficients_plot.csv,yes,,Coefficients depend on scaling and one-hot encoding; not universal physical constants.
7.2,568-582,Fig. 6A,elastic_net_coefficient,Mechanism: ion gradient,0.070,,,standardized/encoded coefficient,..\results\figure6_virtual_design\fig6A_linear_descriptor_coefficients_plot.csv,yes,,Coefficients depend on scaling and one-hot encoding; not universal physical constants.
7.2,568-582,Fig. 6A,elastic_net_coefficient,Mechanism: streaming,-0.022,,,standardized/encoded coefficient,..\results\figure6_virtual_design\fig6A_linear_descriptor_coefficients_plot.csv,yes,,Coefficients depend on scaling and one-hot encoding; not universal physical constants.
7.2,568-582,Fig. 6A,elastic_net_coefficient,Structure: film,1.000,,,standardized/encoded coefficient,..\results\figure6_virtual_design\fig6A_linear_descriptor_coefficients_plot.csv,yes,,Coefficients depend on scaling and one-hot encoding; not universal physical constants.
7.2,568-582,Fig. 6A,elastic_net_coefficient,Structure: hydrogel,-0.066,,,standardized/encoded coefficient,..\results\figure6_virtual_design\fig6A_linear_descriptor_coefficients_plot.csv,yes,,Coefficients depend on scaling and one-hot encoding; not universal physical constants.
7.2,568-582,Fig. 6A,elastic_net_coefficient,Structure: hydrogel  +  film,0.599,,,standardized/encoded coefficient,..\results\figure6_virtual_design\fig6A_linear_descriptor_coefficients_plot.csv,yes,,Coefficients depend on scaling and one-hot encoding; not universal physical constants.
7.2,568-582,Fig. 6A,elastic_net_coefficient,Structure: porous,-0.296,,,standardized/encoded coefficient,..\results\figure6_virtual_design\fig6A_linear_descriptor_coefficients_plot.csv,yes,,Coefficients depend on scaling and one-hot encoding; not universal physical constants.
7.2,568-582,Fig. 6A,elastic_net_coefficient,log(R),-0.469,,,standardized/encoded coefficient,..\results\figure6_virtual_design\fig6A_linear_descriptor_coefficients_plot.csv,yes,,Coefficients depend on scaling and one-hot encoding; not universal physical constants.
7.2,590-595,Fig. 6B,linear_vs_polynomial_model_performance,Linear Elastic Net descriptor,0.298,"CV std=0.134, test R2=0.342",,CV R2,..\results\figure6_virtual_design\fig6B_linear_vs_polynomial_model_comparison.csv,yes,,
7.2,590-595,Fig. 6B,linear_vs_polynomial_model_performance,Polynomial Elastic Net descriptor,0.228,"CV std=0.063, test R2=0.281",,CV R2,..\results\figure6_virtual_design\fig6B_linear_vs_polynomial_model_comparison.csv,yes,,
7.3,602-608,Fig. 6C,predicted_log_P_est_low_minus_high_R,Film,0.691,"High-R=1.103, Threshold=1.449, Low-R=1.794",,predicted log(P_est),..\results\figure6_virtual_design\fig6C_regime_aware_virtual_design.csv,yes,,
7.3,602-608,Fig. 6C,predicted_log_P_est_low_minus_high_R,Hydrogel,0.691,"High-R=0.038, Threshold=0.383, Low-R=0.729",,predicted log(P_est),..\results\figure6_virtual_design\fig6C_regime_aware_virtual_design.csv,yes,,
7.3,602-608,Fig. 6C,predicted_log_P_est_low_minus_high_R,Hydrogel + film,0.691,"High-R=0.703, Threshold=1.049, Low-R=1.394",,predicted log(P_est),..\results\figure6_virtual_design\fig6C_regime_aware_virtual_design.csv,yes,,
7.3,602-608,Fig. 6C,predicted_log_P_est_low_minus_high_R,Hydrogel + porous,0.691,"High-R=0.104, Threshold=0.449, Low-R=0.795",,predicted log(P_est),..\results\figure6_virtual_design\fig6C_regime_aware_virtual_design.csv,yes,,
7.3,602-608,Fig. 6C,predicted_log_P_est_low_minus_high_R,Porous,0.691,"High-R=-0.192, Threshold=0.153, Low-R=0.499",,predicted log(P_est),..\results\figure6_virtual_design\fig6C_regime_aware_virtual_design.csv,yes,,
7.3,609-616,Fig. 6D,top_virtual_candidate_predicted_log_P_est,film | other_cation | inorg=1 | logR=-2.0,1.794,,,predicted log(P_est),..\results\figure6_virtual_design\fig6D_top_virtual_design_candidates.csv,yes,The top-ranked virtual descriptor state reached a predicted \(\log(P_\mathrm{est})\) of approximately 1.79.,
