paper_doi,review_covered,ref_year,device_structure,built_in_asymmetry,asymmetry_origin,primary_mobile_ion,secondary_ion_present,secondary_mobile_ion,ion_origin,auxiliary_redox_present,continuous_output,water_interaction_mode,rh_percent,inorganic_electrolyte_present,inorganic_electrolyte_type,inorganic_electrolyte_concentration_wt%,polyelectrolyte_present,active_material_raw,material_class,structure_class,ionic_groups,top_electrode,bottom_electrode,electrode_symmetry,metal_electrode,voc_V,jsc_uA_cm2,power_density_uW_cm2,internal_resistance_Mohm,output_timescale_class,stability_time_min,dominant_mechanism,has_anionic,has_cationic,has_zwitterionic,polyelectrolyte_anionic_raw,polyelectrolyte_cationic_raw,polyelectrolyte_zwitterionic_raw,has_any_polyelectrolyte,estimated_power_density_uW_cm2,log_estimated_power_density,ion_type,mechanism_simple,asym_env,asym_chem,asym_electrode,ion_from_material,ion_from_electrolyte,ion_from_water,log_internal_resistance_Mohm,has_internal_resistance
10.1038/nnano.2016.300,1,2017,in-plane,0,environmental_gradient,H+,0,,surface_group_dissociation,0,1,evaporation_driven,60.0,0,,,0,Carbon Black (CB),carbon,porous,"carboxyl, hydroxyl",CNT,CNT,1,0.0,1.0,0.015,0.0053,8.0,days,11520.0,streaming,0,0,0,,,,0,0.00375,-2.425852935849277,proton,streaming,1,0,0,1,0,0,0.9030899869919435,1
10.1021/acsaelm.9b00419,1,2019,in-plane,0,environmental_gradient,OH-,1,H+,water_dissociation,0,1,evaporation_driven,62.0,0,,,0,ZnO,metal oxide,porous,hydroxyl,Al,Al,1,1.0,0.4,0.02,0.002,34.3,hours,120.0,streaming,0,0,0,,,,0,0.002,-2.6987529113637887,anion,streaming,1,0,0,0,0,1,1.5352941200427705,1
10.1002/adma.202514202,0,2026,in-plane,1,chemical + environmental,OH-,1,H+,water_dissociation,0,1,evaporation_driven,,0,,,0,lanthanum iron perovskite oxide,semiconductor,porous,hydroxyl,CNT,CNT,1,0.0,1.5,0.025,0.0094,60.0,days,12000.0,streaming,0,0,0,,,,0,0.009375,-2.0279824013259846,anion,streaming,1,1,0,0,0,1,1.7781512503836436,1
10.1016/j.joule.2022.02.002,1,2022,in-plane,0,environmental_gradient,H+,0,,surface_group_dissociation,0,1,evaporation_driven,,0,,,0,Carbon Black (CB),carbon,porous,"carboxyl, hydroxyl",CNT,CNT,1,0.0,0.85,0.0368,,,hours,720.0,streaming,0,0,0,,,,0,0.0078199999999999,-2.106737714112009,proton,streaming,1,0,0,1,0,0,,0
10.1016/j.ceramint.2023.05.033,0,2023,in-plane,0,environmental_gradient,H+,0,,surface_group_dissociation,0,1,evaporation_driven,55.0,0,,,0,carbonized rice husk,carbon,porous,"carboxyl, hydroxyl, silanol",CNT,CNT,1,0.0,0.16,0.04,,,hours,600.0,streaming,0,0,0,,,,0,0.0016,-2.7956086680807,proton,streaming,1,0,0,1,0,0,,0
10.1038/s44221-024-00311-9,1,2024,in-plane,1,electrode + environmental,H+,1,K+,surface_group_dissociation + electrolyte,0,1,evaporation_driven,45.0,0,,,0,Plant_Tissue,biomass,porous,"carboxyl, hydroxyl",Ti,Ti,0,1.0,0.25,0.05,0.0045,2.0,hours,2100.0,ion_concentration_gradient,0,0,0,,,,0,0.003125,-2.505011026316832,proton,ion_gradient,1,0,1,1,1,0,0.3010299956639812,1
10.1016/j.nanoen.2019.02.011,1,2019,in-plane,0,environmental_gradient,H+,0,,surface_group_dissociation,0,1,evaporation_driven,,0,,,0,Carbon Black (CB),carbon,porous,"carboxyl, hydroxyl",CNT,CNT,1,0.0,5.0,0.06,,,seconds,30.0,streaming,0,0,0,,,,0,0.075,-1.1249329460538116,proton,streaming,1,0,0,1,0,0,,0
10.1016/j.nanoen.2019.05.079,1,2019,in-plane,0,environmental_gradient,H+,0,,surface_group_dissociation,0,1,evaporation_driven,,0,,,0,Carbon Black (CB),carbon,porous,"carboxyl, hydroxyl",Ag,Ag,1,1.0,1.0,0.1,,,days,2880.0,streaming,0,0,0,,,,0,0.025,-1.6020426198961126,proton,streaming,1,0,0,1,0,0,,0
10.1002/adfm.202104732,1,2021,in-plane,0,environmental_gradient,H+,0,,surface_group_dissociation,0,1,evaporation_driven,55.0,0,,,0,Cu(BDC-OH) (MOF),MOF/COF,porous,hydroxyl,Carbon,Carbon,1,0.0,0.6,0.12,0.00156,,days,7200.0,streaming,0,0,0,,,,0,0.018,-1.7447033680956598,proton,streaming,1,0,0,1,0,0,,0
10.1016/j.jmst.2020.11.002,1,2021,in-plane,0,environmental_gradient,H+,0,,water_dissociation,0,1,evaporation_driven,,0,,,0,TiO2,metal oxide,porous,hydroxyl,CNT,CNT,1,0.0,0.19,0.12,,,seconds,10.0,streaming,0,0,0,,,,0,0.0057,-2.244048958995868,proton,streaming,1,0,0,0,0,1,,0
10.1002/adma.202310260,1,2024,in-plane,0,environmental_gradient,H+,0,,surface_group_dissociation,0,1,evaporation_driven,,0,,,1,"Silk Fibroin (SF), Nylon-66",biomass,film,"carboxyl, hydroxyl",CNT,CNT,1,0.0,4.82,0.13,,,seconds,3.0,streaming,0,0,1,,,Silk Fibroin (SF),1,0.15665,-0.8050668284037524,proton,streaming,1,0,0,1,0,0,,0
10.1016/j.apmt.2023.101801,0,2023,in-plane,0,environmental_gradient,H+,0,,water_dissociation,0,1,evaporation_driven,,0,,,0,"SiO₂, glass fiber (GF) ",metal oxide,porous,silanol hydroxyl,Carbon,Carbon,1,0.0,1.4,0.133,0.0467,2.0,days,14400.0,streaming,0,0,0,,,,0,0.04655,-1.3320709851484356,proton,streaming,1,0,0,0,0,1,0.3010299956639812,1
10.1016/j.applthermaleng.2019.114623,1,2020,in-plane,0,environmental_gradient,H+,0,,surface_group_dissociation,0,1,evaporation_driven,55.0,0,,,0,Carbon Black (CB),carbon,porous,"carboxyl, hydroxyl",CNT,CNT,1,0.0,0.79,0.133,0.08,2.1,hours,240.0,streaming,0,0,0,,,,0,0.0262675,-1.580564725855803,proton,streaming,1,0,0,1,0,0,0.3222192947339193,1
10.1039/C8TA12328D,1,2019,in-plane,0,environmental_gradient,H+,0,,surface_group_dissociation,0,1,evaporation_driven,,0,,,0,"TiO2, Carbon",carbon,porous,"carboxyl, hydroxyl",Carbon,Carbon,1,0.0,1.6,0.17,,,days,11520.0,streaming,0,0,0,,,,0,0.068,-1.1674847006571667,proton,streaming,1,0,0,1,0,0,,0
10.1021/acsami.9b09582,1,2019,in-plane,0,environmental_gradient,H+,0,,water_dissociation,0,1,evaporation_driven,,0,,,0,Al2O3,metal oxide,porous,hydroxyl,Carbon,Carbon,1,0.0,2.5,0.18,,6.0,days,14400.0,streaming,0,0,0,,,,0,0.1124999999999999,-0.9488436171743811,proton,streaming,1,0,0,0,0,1,0.7781512503836436,1
10.1038/s41467-024-54216-y,0,2024,in-plane,1,chemical + environmental,H+,0,,surface_group_dissociation,0,1,evaporation_driven,100.0,0,,,1,PEI-modified carbon black / tissue paper,biomass,porous,"amino, hydroxyl ",Carbon,Carbon,1,0.0,0.16,0.2,0.00824,0.7,days,9600.0,streaming,0,1,0,,polyethyleneimine (PEI),,1,0.008,-2.096855729590461,proton,streaming,1,1,0,1,0,0,-0.1549019599857432,1
10.1002/aenm.201702481,1,2018,in-plane,0,environmental_gradient,H+,0,,surface_group_dissociation,0,1,evaporation_driven,70.0,0,,,0,Carbon Black (CB),carbon,porous,"carboxyl, hydroxyl",CNT,CNT,1,0.0,0.89,0.2,0.04,2.4,hours,180.0,streaming,0,0,0,,,,0,0.0445,-1.3516302297021636,proton,streaming,1,0,0,1,0,0,0.38021124171160603,1
10.1016/j.cej.2021.132759,0,2022,sandwich,0,environmental_gradient,H+,0,,surface_group_dissociation,0,1,evaporation_driven,62.0,0,,,0,holey graphene oxide (HGO),carbon,porous,"carboxyl, hydroxyl ",Ti,Ti,1,1.0,0.44,0.2,0.022,1.2,hours,180.0,streaming,0,0,0,,,,0,0.022,-1.6575575789681631,proton,streaming,1,0,0,1,0,0,0.07918124604762482,1
10.1016/j.jcis.2024.02.057,0,2024,in-plane,0,environmental_gradient,H+,0,,water_dissociation,0,1,evaporation_driven,,0,,,0,ZSM-5 zeolite ,metal oxide,porous,"silanol, aluminol",CNT,CNT,1,0.0,1.35,0.223,,,seconds,86.7,streaming,0,0,0,,,,0,0.0752625,-1.1234155894264268,proton,streaming,1,0,0,0,0,1,,0
10.1016/j.nanoen.2020.105522,1,2021,in-plane,0,environmental_gradient,Na+,1,Cl-,electrolyte,0,1,evaporation_driven,25.0,1,NaCl,,0,"MoS2, SiO2",semiconductor,porous,hydroxyl,Ag,Ag,1,1.0,0.8,0.055,0.0031,2.0,hours,120.0,ion_concentration_gradient,0,0,0,,,,0,0.011,-1.9585678353197349,other_cation,ion_gradient,1,0,0,0,1,0,0.3010299956639812,1
10.1002/adfm.201700551,1,2017,in-plane,0,environmental_gradient,H+,0,,surface_group_dissociation,0,1,evaporation_driven,62.0,0,,,0,Carbon Black (CB),carbon,porous,"carboxyl, hydroxyl",CNT,CNT,1,0.0,1.0,0.3,0.08,1.5,days,13200.0,streaming,0,0,0,,,,0,0.075,-1.1249329460538116,proton,streaming,1,0,0,1,0,0,0.17609125905568124,1
10.1021/acsami.9b23380,1,2020,sandwich,0,environmental_gradient,H+,0,,surface_group_dissociation,0,1,evaporation_driven,60.0,0,,,0,Wood (Beech),biomass,porous,"carboxyl, hydroxyl",Carbon,Carbon,1,0.0,0.3,0.4,0.018,0.1,hours,1440.0,streaming,0,0,0,,,,0,0.03,-1.5228642690388767,proton,streaming,1,0,0,1,0,0,-1.0,1
10.1016/j.nanoen.2019.03.041,1,2019,in-plane,0,environmental_gradient,H+,0,,surface_group_dissociation,0,1,evaporation_driven,,0,,,0,Carbon Black (CB),carbon,porous,"carboxyl, hydroxyl",CNT,CNT,1,0.0,1.2,0.475,,726.0,weeks,43200.0,streaming,0,0,0,,,,0,0.1425,-0.8461820879855898,proton,streaming,1,0,0,1,0,0,2.8609366207000937,1
10.1021/acsami.1c13487,1,2021,in-plane,0,environmental_gradient,H+,0,,surface_group_dissociation,0,1,evaporation_driven,25.0,0,,,0,Carbonization of the PAN,polymer,porous,"carboxyl, hydroxyl",Cu,Cu,1,1.0,0.284,0.485,0.083,0.02,seconds,100.0,streaming,0,0,0,,,,0,0.0344349999999999,-1.4629873008541796,proton,streaming,1,0,0,1,0,0,-1.6989700043360187,1
10.1002/adma.202003720,1,2020,in-plane,0,environmental_gradient,OH-,0,,water_dissociation,0,1,evaporation_driven,,0,,,0,"AlOOH, UIO-66",MOF/COF,porous,hydroxyl,Ag,Ag,1,1.0,1.63,0.49,0.15,,hours,120.0,streaming,0,0,0,,,,0,0.199675,-0.6996741318941417,anion,streaming,1,0,0,0,0,1,,0
10.1016/j.scib.2019.06.020,1,2019,in-plane,0,environmental_gradient,H+,0,,surface_group_dissociation,0,1,evaporation_driven,30.0,0,,,0,Carbon Black (CB),carbon,porous,"carboxyl, hydroxyl",CNT,CNT,1,0.0,1.2,0.5,,,hours,120.0,streaming,0,0,0,,,,0,0.15,-0.8239058456574236,proton,streaming,1,0,0,1,0,0,,0
10.1016/j.nanoen.2023.108491,1,2023,in-plane,0,environmental_gradient,H+,0,,surface_group_dissociation,0,1,evaporation_driven,45.0,0,,,0,Carbon Black (CB),carbon,porous,"carboxyl, hydroxyl",Pt,Pt,1,1.0,0.42,0.528,0.018,1.0,hours,180.0,streaming,0,0,0,,,,0,0.05544,-1.2561689448723472,proton,streaming,1,0,0,1,0,0,0.0,1
10.1038/s41467-024-49429-0,1,2024,sandwich,0,environmental_gradient,H+,0,,surface_group_dissociation,0,1,evaporation_driven,10.0,0,,,1,Microbial Biofilm,biomass,film,"carboxyl, hydroxyl, amino",Ti,Ti,1,1.0,0.315,0.7,,,weeks,72000.0,streaming,0,0,1,,,Microbial Biofilm,1,0.0551249999999999,-1.2586435192376149,proton,streaming,1,0,0,1,0,0,,0
10.1021/acsami.2c18317,0,2023,in-plane,0,environmental_gradient,H+,0,,surface_group_dissociation,0,1,evaporation_driven,,0,,,0,functionalized graphite,carbon,porous,"carboxyl, hydroxyl",Cu,Cu,0,1.0,0.5,0.71,0.035,0.1,hours,834.0,streaming,0,0,0,,,,0,0.08875,-1.051826744841486,proton,streaming,1,0,0,1,0,0,-1.0,1
10.1016/j.cej.2025.163895,0,2025,in-plane,0,environmental_gradient,Cl-,1,Na+,electrolyte,0,1,evaporation_driven,,1,NaCl,3.5,0,MIL-53Al/polydopamine (PDA) composite (MPH) ,composite,porous,"hydroxyl, carboxyl, Al-O, benzene carboxylate ",Cu,Cu,1,1.0,0.27,0.93,0.063,0.019,hours,333.0,ion_concentration_gradient,0,0,0,,,,0,0.062775,-1.2022063603988264,anion,ion_gradient,1,0,0,0,1,0,-1.7212463990471711,1
10.1021/acssuschemeng.3c01952,1,2023,in-plane,1,chemical + environmental,H+,0,,surface_group_dissociation,0,1,evaporation_driven,46.0,0,,,1,"Graphene Oxide (FGO), Deacetylated cellulose acetate (dCA)",biomass,porous,"carboxyl, hydroxyl",Cu,Cu,1,1.0,0.316,0.997,,1.0,days,7200.0,streaming,1,0,0,Deacetylated cellulose acetate (dCA),,,1,0.078763,-1.1036722364925795,proton,streaming,1,1,0,1,0,0,0.0,1
10.1016/j.matt.2025.102200,0,2025,in-plane,0,environmental_gradient,H+,0,,surface_group_dissociation,0,1,evaporation_driven,60.0,0,,,1,gelatin/Al2O3 hydrogel ,biomass,hydrogel,"hydroxyl, carboxyl, amino",Steel,Steel,1,1.0,0.4,1.0,0.055,0.00518,hours,180.0,streaming,0,0,1,,,gelatin,1,0.1,-0.9999956570768956,proton,streaming,1,0,0,1,0,0,-2.285670240254767,1
10.1021/acsami.4c12675,1,2024,in-plane,0,environmental_gradient,H+,0,,surface_group_dissociation,0,1,evaporation_driven,50.0,0,,,0,"Starch, glass fiber",biomass,porous,"carboxyl, hydroxyl",CNT,CNT,1,0.0,0.3,1.2,0.18,0.14,hours,1440.0,streaming,0,0,0,,,,0,0.09,-1.0457526650932398,proton,streaming,1,0,0,1,0,0,-0.8538719643217619,1
10.1039/c9gc04310a,1,2020,in-plane,0,environmental_gradient,H+,0,,surface_group_dissociation,0,1,evaporation_driven,,0,,,1,"Gum Arabic, poly(acrylic acid) (PAA), carboxymethyl cellulose (CMC)",biomass,porous,"carboxyl, hydroxyl",Cu,Cu,1,1.0,0.4,1.2,,,hours,150.0,streaming,1,0,0,"poly(acrylic acid) (PAA), carboxymethyl cellulose (CMC)",,,1,0.12,-0.9208151348467722,proton,streaming,1,0,0,1,0,0,,0
10.1038/s41598-021-90374-5,1,2021,in-plane,0,environmental_gradient,H+,0,,water_dissociation,0,1,evaporation_driven,,0,,,0,Al2O3,metal oxide,porous,hydroxyl,Steel,Steel,1,1.0,0.27,1.2,0.324,,days,10080.0,streaming,0,0,0,,,,0,0.081,-1.0915096194941762,proton,streaming,1,0,0,0,0,1,,0
10.1016/j.nanoen.2018.12.042,1,2019,in-plane,0,environmental_gradient,OH-,1,H+,water_dissociation,0,1,evaporation_driven,33.0,0,,,0,Ni-Al Layered Double Hydroxide (LDH),metal oxide,porous,hydroxyl,CNT,CNT,1,0.0,0.7,1.3,,0.27,hours,720.0,streaming,0,0,0,,,,0,0.2274999999999999,-0.6430166900243307,anion,streaming,1,0,0,0,0,1,-0.5686362358410126,1
10.1016/j.ceramint.2025.12.050,0,2026,in-plane,0,environmental_gradient,H+,0,,surface_group_dissociation,0,1,evaporation_driven,52.0,0,,,0,SiO2,metal oxide,porous,silanol ,CNT,CNT,1,0.0,2.05,1.9,,1.1,hours,720.0,streaming,0,0,0,,,,0,0.97375,-0.0115520833175728,proton,streaming,1,0,0,1,0,0,0.04139268515822508,1
10.1016/j.jpowsour.2023.233007,1,2023,sandwich,0,environmental_gradient,H+,0,,surface_group_dissociation,0,1,evaporation_driven,53.0,0,,,0,Carbon Black (CB),carbon,porous,"carboxyl, hydroxyl",Cu,Cu,1,1.0,0.75,10.0,1.7,0.005,hours,1800.0,streaming,0,0,0,,,,0,1.875,0.2730015036873995,proton,streaming,1,0,0,1,0,0,-2.3010299956639813,1
10.1002/adfm.202521733,0,2026,sandwich,1,chemical + environmental,Na+,1,Cl-,electrolyte,0,1,evaporation_driven,40.0,1,NaCl,10.0,0,gradient oxidized delignified balsa wood ,biomass,porous,"carboxyl, hydroxyl",Carbon,Carbon,1,0.0,0.25,2.25,0.14,0.1,hours,33.0,ion_concentration_gradient,0,0,0,,,,0,0.140625,-0.8519343762392272,other_cation,ion_gradient,1,1,0,0,1,0,-1.0,1
10.1039/d5mh01101a,0,2025,in-plane,0,environmental_gradient,H+,0,,surface_group_dissociation,0,1,evaporation_driven,35.0,0,,,0,SiO2@activated carbon (S@AC) composite film,carbon,porous,"silanol, carboxyl, hydroxyl",CNT,CNT,1,0.0,4.3,2.9,1.0,0.05,weeks,525600.0,streaming,0,0,0,,,,0,3.1175,0.4938066014591326,proton,streaming,1,0,0,1,0,0,-1.3010299956639813,1
10.1002/advs.202400856,1,2024,in-plane,0,environmental_gradient,H+,0,,surface_group_dissociation,0,1,evaporation_driven,60.0,0,,,1,Microalgae,biomass,film,"carboxyl, hydroxyl, amino",Ti,Ti,1,1.0,0.25,3.3,0.825,0.075,days,4000.0,streaming,0,0,1,,,Microalgae,1,0.20625,-0.6856039371129267,proton,streaming,1,0,0,1,0,0,-1.1249387366083,1
10.1021/acsami.1c04508,1,2021,in-plane,0,environmental_gradient,Na+,1,Cl-,electrolyte,0,1,evaporation_driven,65.0,1,NaCl,3.5,0,Graphene Oxide (GO),carbon,porous,"carboxyl, hydroxyl",CNT,CNT,1,0.0,0.83,3.8,0.79,0.2,days,14400.0,ion_concentration_gradient,0,0,0,,,,0,0.7885,-0.1031977515497815,other_cation,ion_gradient,1,0,0,0,1,0,-0.6989700043360187,1
10.1016/j.nanoen.2020.104663,1,2020,in-plane,0,environmental_gradient,H+,0,,surface_group_dissociation,0,1,evaporation_driven,55.0,0,,,0,"Carbon Black (CB), PVA",carbon,porous,"carboxyl, hydroxyl",Cu,Cu,1,1.0,0.658,5.25,0.675,0.02,days,9000.0,streaming,0,0,0,,,,0,0.8636250000000001,-0.0636742914344295,proton,streaming,1,0,0,1,0,0,-1.6989700043360187,1
10.1002/adfm.202208933,1,2023,sandwich,0,environmental_gradient,Na+,1,OH-,electrolyte,0,1,evaporation_driven,40.0,1,NaOH,0.4,0,wood,biomass,porous,"carboxyl, hydroxyl",Pt,Pt,1,1.0,1.0,5.4,1.35,0.1,hours,960.0,ion_concentration_gradient,0,0,0,,,,0,1.35,0.1303340901945032,other_cation,ion_gradient,1,0,0,0,1,0,-1.0,1
10.1016/j.ceramint.2024.03.066,0,2024,in-plane,0,environmental_gradient,H+,0,,water_dissociation,0,1,evaporation_driven,57.0,0,,,0,"Al₂O₃, nonwoven fabric, polyaniline (PANI), polyvinyl alcohol (PVA) ",metal oxide,porous,hydroxyl,Carbon,Carbon,1,0.0,0.55,6.0,,0.75,weeks,20160.0,streaming,0,0,0,,,,0,0.8250000000000001,-0.08354552503284,proton,streaming,1,0,0,0,0,1,-0.12493873660829995,1
10.1002/advs.202304482,1,2023,in-plane,0,environmental_gradient,Na+,1,Cl-,electrolyte,0,1,evaporation_driven,,1,NaCl,7.5,0,Wood Pulp and Polyester Fiber,biomass,porous,"carboxyl, hydroxyl",Ag,Ag,1,1.0,0.33,7.5,,0.8,seconds,60.0,ion_concentration_gradient,0,0,0,,,,0,0.61875,-0.2084840861688702,other_cation,ion_gradient,1,0,0,0,1,0,-0.09691001300805639,1
10.1002/adfm.202419753,1,2025,in-plane,0,environmental_gradient,Na+,1,Cl-,electrolyte,0,1,evaporation_driven,45.0,1,NaCl,0.58,0,"Carbon Black (CB), paper",biomass,porous,"carboxyl, hydroxyl",Al,Al,1,1.0,1.2,9.0,0.25,1.0,hours,300.0,ion_concentration_gradient,0,0,0,,,,0,2.7,0.4313639250087656,other_cation,ion_gradient,1,0,0,0,1,0,0.0,1
10.1016/j.nanoen.2020.105096,1,2020,in-plane,0,environmental_gradient,H+,0,,surface_group_dissociation,0,1,evaporation_driven,73.0,0,,,1,"Graphene Oxide (GO), PEDOT:PSS",carbon,porous,"carboxyl, hydroxyl, sulfonate",Cu,Cu,1,1.0,2.13,9.1,18.5,,seconds,60.0,ion_concentration_gradient + pyroelectricity,1,0,0,PEDOT:PSS,,,1,4.84575,0.68536109405565,proton,ion_gradient,1,0,0,1,0,0,,0
10.1002/adfm.202314231,0,2024,sandwich,0,environmental_gradient,Ca2+,1,Cl-,electrolyte,0,1,evaporation_driven,40.0,1,CaCl2,12.0,1,delignified balsa wood ,biomass,porous,"carboxyl, hydroxyl",Carbon,Carbon,1,0.0,0.77,9.25,0.522,0.053,hours,840.0,ion_concentration_gradient,1,0,0,delignified balsa wood,,,1,1.780625,0.2505727104835085,other_cation,ion_gradient,1,0,0,0,1,0,-1.275724130399211,1
10.1016/j.cej.2022.140568,0,2023,sandwich,0,environmental_gradient,Na+,1,Cl-,electrolyte,0,1,evaporation_driven,70.0,1,"NaCl, KCl, K₂SO₄, K₂CO₃",26.5,0,cellulosic wood-PEDOT/PSS ,biomass,porous,"hydroxyl, sulfonate ",Ag,Ag,1,1.0,0.385,11.0,0.198,0.5,seconds,50.0,ion_concentration_gradient + thermo_diffusion,0,0,0,,,,0,1.05875,0.024793833534066,other_cation,ion_gradient,1,0,0,0,1,0,-0.3010299956639812,1
10.1021/jacs.3c13159,0,2024,in-plane,0,environmental_gradient,Na+,1,"Cl-, Li+, K+, Ca2+, Mg2+",electrolyte,0,1,evaporation_driven,50.0,1,NaCl,2.34,0,calcium-based metal-organic framework ,MOF/COF,porous,carboxyl,Carbon,Carbon,1,0.0,0.4,14.0,,,days,4320.0,ion_concentration_gradient,0,0,0,,,,0,1.4,0.1461283458884714,other_cation,ion_gradient,1,0,0,0,1,0,,0
10.1021/acsami.4c07729,0,2024,sandwich,1,chemical + environmental,Na+,1,Cl-,electrolyte,0,1,evaporation_driven,18.5,1,NaCl,20.0,1,PSSA-modified silica aerogel,metal oxide,porous,"hydroxyl, silanol, sulfonic acid",Carbon,Carbon,1,0.0,0.92,14.17,1.74,0.01,hours,1200.0,ion_concentration_gradient,1,0,0,Poly(4-styrene sulfonic acid) (PSSA),,,1,3.2591,0.5130978195209875,other_cation,ion_gradient,1,1,0,0,1,0,-2.0,1
10.1016/j.nanoen.2025.110992,0,2025,in-plane,0,environmental_gradient,H+,0,,surface_group_dissociation,0,1,evaporation_driven,25.0,0,,,0,COF/PAN,MOF/COF,porous,"sulfonate, hydroxyl",Ag,Ag,1,1.0,1.4,14.9,4.4,3.0,days,2880.0,streaming,0,0,0,,,,0,5.215,0.7172543960404865,proton,streaming,1,0,0,1,0,0,0.47712125471966244,1
10.1038/s41467-022-34496-y,1,2022,in-plane,0,environmental_gradient,H+,0,,surface_group_dissociation,0,1,evaporation_driven,30.0,0,,,0,Graphene oxide (GO),carbon,porous,"carboxyl, hydroxyl",Carbon,Carbon,1,0.0,2.9,16.8,,,hours,240.0,streaming,0,0,0,,,,0,12.18,1.0856473239532165,proton,streaming,1,0,0,1,0,0,,0
10.1002/adfm.202418823,0,2025,sandwich,0,environmental_gradient,Na+,1,Cl-,electrolyte,0,1,evaporation_driven,,1,"FeCl3, NaCl",26.5,1,TOCNF/CCNT,biomass,porous,"carboxyl, hydroxyl ",Al,Al,1,1.0,0.857,22.0,3.82,0.005,hours,600.0,ion_concentration_gradient,1,0,0,TEMPO-oxidized cellulose nanofibrils (TOCNF),,,1,4.7135,0.6733436035558605,other_cation,ion_gradient,1,0,0,0,1,0,-2.3010299956639813,1
10.1016/j.nanoen.2019.104385,1,2020,in-plane,1,electrode + environmental,Na+,1,Cl-,electrolyte,0,1,evaporation_driven,,1,NaCl,3.5,0,CNTs (Carbon Nanotubes),carbon,porous,"carboxyl, hydroxyl",Carbon,Carbon,1,0.0,0.6,22.0,2.1,0.9,hours,360.0,ion_concentration_gradient,0,0,0,,,,0,3.3,0.518514071482256,other_cation,ion_gradient,1,0,1,0,1,0,-0.045757490560675115,1
10.1016/j.jpowsour.2024.235934,1,2025,in-plane,1,chemical + environmental,Ca2+,1,"Na+, K+, Cl-",electrolyte,0,1,evaporation_driven,,1,"NaCl, KCl, CaCl2",10.8,0,"cellulose, carbon",biomass,porous,"carboxyl, hydroxyl",Carbon,Carbon,1,0.0,0.46,25.0,,8.0,weeks,21600.0,ion_concentration_gradient,0,0,0,,,,0,2.875,0.4586380000845733,other_cation,ion_gradient,1,1,0,0,1,0,0.9030899869919435,1
10.1002/eem2.70017,0,2025,sandwich,0,environmental_gradient,Na+,1,Cl-,electrolyte,0,1,evaporation_driven,25.0,1,"NaCl, NaOH ",,0,walnut shell ,biomass,porous,"hydroxyl, carboxyl ",Carbon,Carbon,0,0.0,1.21,34.72,5.96,0.05,days,10080.0,ion_concentration_gradient,0,0,0,,,,0,10.5028,1.0213051368432924,other_cation,ion_gradient,1,0,0,0,1,0,-1.3010299956639813,1
10.1002/adfm.202510747,0,2025,in-plane,1,chemical,K+,1,"Na+, Li+, Ca2+, Cl-",electrolyte,0,1,evaporation_driven,22.0,1,"KCl, NaCl, LiCl, CaCl2",,0,"cellulose, carbon black (CB)",biomass,porous,"carboxyl, hydroxyl",Carbon,Carbon,1,0.0,0.6,45.0,12.5,0.048,days,6000.0,ion_concentration_gradient,0,0,0,,,,0,6.75,0.8293038371709434,other_cation,ion_gradient,0,1,0,0,1,0,-1.3187587626244128,1
10.1016/j.nanoen.2022.107241,1,2022,in-plane,1,chemical + environmental,Na+,1,Cl-,electrolyte,0,1,evaporation_driven,,1,NaCl,24.8,0,Graphene Oxide (GO),carbon,porous,"carboxyl, hydroxyl",CNT,CNT,1,1.0,0.96,68.4,,,hours,166.7,ion_concentration_gradient,0,0,0,,,,0,16.416,1.215267369887282,other_cation,ion_gradient,1,1,0,0,1,0,,0
10.1016/j.cej.2025.171723,0,2026,in-plane,0,environmental_gradient,H+,1,,water_dissociation,0,1,evaporation_driven,62.0,0,,,0,NaTi₃O₆(OH)·2H₂O@SnO₂,metal oxide,porous,"hydroxyl, Ti-O, Sn-O ",Carbon,Carbon,1,0.0,0.43,71.0,7.7,0.48,hours,167.0,streaming,0,0,0,,,,0,7.6325,0.8826668698713812,proton,streaming,1,0,0,0,0,1,-0.3187587626244128,1
10.1002/adfm.202531296,0,2026,sandwich,1,chemical + environmental,Na+,1,Cl-,electrolyte,0,1,evaporation_driven,,1,"FeCl3, NaCl",3.5,1,"TOCNF, QCNF, ACNT",biomass,porous,"carboxyl, quaternary ammonium, amino, hydroxyl ",Al,Al,1,1.0,0.84,75.0,5.74,0.01,hours,1320.0,ion_concentration_gradient,1,1,0,TEMPO-oxidized cellulose nanofibrils (TOCNF),quaternized cellulose nanofibril  (QCNF),,1,15.75,1.1972805856998712,other_cation,ion_gradient,1,1,0,0,1,0,-2.0,1
10.1021/acsnano.4c00990,1,2024,sandwich,0,environmental_gradient,Na+,1,OH-,electrolyte,0,1,evaporation_driven,50.0,1,NaOH,,1,Delignified Wood,biomass,porous,"carboxyl, hydroxyl",Pt,Pt,1,1.0,1.1,80.0,6.75,0.003,hours,660.0,ion_concentration_gradient,1,0,0,delignified wood cellulose,,,1,22.0,1.3424227005628642,other_cation,ion_gradient,1,0,0,0,1,0,-2.5228787452803374,1
10.1021/acsami.4c01026,0,2024,in-plane,0,environmental_gradient,H+,0,,surface_group_dissociation,0,1,evaporation_driven,56.0,0,,,0,"TiO2, carbon black",carbon,porous,"carboxyl, hydroxyl",CNT,CNT,1,0.0,1.9,86.0,40.9,10.0,seconds,100.0,streaming,0,0,0,,,,0,40.85,1.611192071499878,proton,streaming,1,0,0,1,0,0,1.0,1
10.1021/acsami.3c04726,0,2024,sandwich,1,electrode + chemical,Na+,1,Cl-,electrolyte,0,1,evaporation_driven,,1,NaCl,3.5,0,melamine-derived carbon foam (CF) ,carbon,porous,"carboxyl, hydroxyl ",Carbon,Carbon,0,0.0,0.71,91.0,,0.04,hours,240.0,ion_concentration_gradient,0,0,0,,,,0,16.1525,1.208239776599343,other_cation,ion_gradient,0,1,1,0,1,0,-1.3979400086720375,1
10.1002/adma.202312209,1,2024,sandwich,1,chemical + environmental,Cl-,1,H+,surface_group_dissociation + electrolyte,0,1,evaporation_driven,,1,ionic_liquid,,1,"Graphene Oxide (GO), PSSA, ionic liquid",polymer,film,sulfonate,Pt,Pt,1,1.0,0.63,140.0,16.55,0.01,days,10800.0,ion_concentration_gradient,1,0,0,Poly(4-styrene sulfonic acid) (PSSA),,,1,22.05,1.3434086134997518,anion,ion_gradient,1,1,0,1,1,0,-2.0,1
10.1039/d0ee02730h,0,2021,in-plane,1,environmental_gradient,Na+,1,Cl-,electrolyte,0,1,evaporation_driven,25.0,1,NaCl,0.0584,0,cellulose nanofibre @ Ni-HITP conductive metal-organic framework ,composite,porous,"carboxyl, imine ",Ag,Ag,1,1.0,1.1,3000.0,1500.0,,days,2880.0,ion_concentration_gradient + thermo_diffusion,0,0,0,,,,0,825.0000000000001,2.9164539490763426,other_cation,ion_gradient,1,0,0,0,1,0,,0
10.1016/j.nanoen.2022.107378,0,2022,sandwich,0,environmental_gradient,Na+,1,Cl-,electrolyte,0,1,evaporation_driven,,1,NaCl,3.5,0,carboxylated sugarcane,biomass,porous,"carboxyl, hydroxyl",Steel,Steel,1,1.0,0.47,0.68,0.0367,0.022,hours,1800.0,ion_concentration_gradient,0,0,0,,,,0,0.0799,-1.0974477852446545,other_cation,ion_gradient,1,0,0,0,1,0,-1.6575773191777938,1
10.1016/j.nanoen.2025.110731,0,2025,in-plane,0,environmental_gradient,Na+,1,Cl-,electrolyte,0,1,evaporation_driven,,1,NaCl,2.92,0,NaV₂O₅·nH₂O,metal oxide,porous,hydroxyl,Ag,Ag,1,1.0,1.2,50.0,22.5,0.26,hours,360.0,ion_concentration_gradient,0,0,0,,,,0,15.0,1.1760912880086458,other_cation,ion_gradient,1,0,0,0,1,0,-0.585026652029182,1
10.1016/j.nanoen.2023.108348,0,2023,in-plane,0,environmental_gradient,H+,0,,water_dissociation,0,1,evaporation_driven,70.0,0,,,0,Ti-deficient unilamellar titanium oxide ,metal oxide,porous,hydroxyl,Ag,Ag,1,1.0,1.32,0.004,,,days,15000.0,streaming,0,0,0,,,,0,0.00132,-2.8790971823854727,proton,streaming,1,0,0,0,0,1,,0
10.1016/j.nanoen.2020.104502,0,2020,in-plane,0,environmental_gradient,OH-,0,,water_dissociation,0,1,evaporation_driven,56.0,0,,,0,Ni-Al layered double hydroxide (LDH),metal oxide,porous,hydroxyl,CNT,CNT,1,0.0,0.6,0.05,0.0075,2.0,hours,1440.0,streaming,0,0,0,,,,0,0.0075,-2.124880834537432,anion,streaming,1,0,0,0,0,1,0.3010299956639812,1
10.1002/smll.202400961,0,2024,in-plane,0,environmental_gradient,H+,0,,surface_group_dissociation,0,1,evaporation_driven,45.0,0,,,0,MOF-801,MOF/COF,porous,carboxyl,CNT,CNT,1,0.0,2.2,0.095,0.014,5.0,hours,720.0,streaming,0,0,0,,,,0,0.05225,-1.2819053934403335,proton,streaming,1,0,0,1,0,0,0.6989700043360189,1
10.1002/smll.202511802,0,2025,in-plane,0,environmental_gradient,H+,0,,water_dissociation,0,1,evaporation_driven,,0,,,0,WO3 nanoparticle ,metal oxide,porous,hydroxyl,CNT,CNT,1,0.0,2.7,0.0533,,,hours,,streaming,0,0,0,,,,0,0.0359775,-1.4439569470300029,proton,streaming,1,0,0,0,0,1,,0
10.1002/adfm.201901798,1,2019,sandwich,0,environmental_gradient,H+,0,,surface_group_dissociation,0,1,liquid_contact,,0,,,1,TEMPO-oxidized cellulose nanofibrils (TOCNF),biomass,porous,"carboxyl, hydroxyl",Pt,Pt,1,1.0,0.11,0.022,0.00063,1000.0,days,10080.0,streaming,1,0,0,TEMPO-oxidized cellulose nanofibrils (TOCNF),,,1,0.000605,-3.217527375833714,proton,streaming,1,0,0,1,0,0,3.0,1
10.1002/adfm.202203666,1,2022,in-plane,0,environmental_gradient,Na+,1,Cl-,electrolyte,0,1,liquid_contact,65.0,1,NaCl,0.3,1,"Regenerated cellulose, CNT",biomass,porous,"carboxyl, hydroxyl",Ag,Ag,1,1.0,0.16,0.17,,,hours,360.0,ion_concentration_gradient,1,0,0,Regenerated cellulose,,,1,0.0068,-2.16742722515382,other_cation,ion_gradient,1,0,0,0,1,0,,0
10.1016/j.cej.2021.133236,1,2022,in-plane,1,chemical + environmental,H+,0,,surface_group_dissociation,0,1,liquid_contact,,0,,,1,ppy/TiO2 nanowires coated cotton fiber,biomass,porous,"amino, hydroxyl",Cu,Cu,1,1.0,0.65,0.75,,0.1,seconds,60.0,streaming,0,1,0,,Polypyrrole (PPy),,1,0.121875,-0.9140818078661233,proton,streaming,1,1,0,1,0,0,-1.0,1
10.1038/s41565-024-01691-5,0,2024,in-plane,1,chemical + environmental,H+,0,,surface_group_dissociation,0,1,liquid_contact,75.0,0,,,0,"MXene (Ti3C2Tx), PVA",polymer,film,"carboxyl, hydroxyl",Pt,Pt,1,1.0,0.4,4.0,,,hours,330.0,ion_concentration_gradient,0,0,0,,,,0,0.4,-0.39793892293719,proton,ion_gradient,1,1,0,1,0,0,,0
10.1038/s41467-022-32105-6,1,2022,sandwich,0,environmental_gradient,H+,0,,surface_group_dissociation,0,1,liquid_contact,,0,,,1,Geobacter sulfurreducens biofilm,biomass,film,"carboxyl, hydroxyl, amino",Au,Au,1,1.0,0.45,5.0,1.0,,weeks,43200.0,streaming,0,0,1,,,Geobacter sulfurreducens protein nanowires,1,0.5625,-0.2498767011382072,proton,streaming,1,0,0,1,0,0,,0
10.1021/acsapm.4c00849,0,2024,in-plane,1,electrode + chemical + environmental,Ca2+,1,Cl-,electrolyte,0,1,liquid_contact,80.0,1,CaCl2,,0,"PVA-PNIPAM semi-IPN hydrogel, carbon black coated cotton fabric",polymer,hydrogel,"hydroxyl, amide, carboxyl",Carbon,Carbon,1,0.0,0.34,5.0,,,hours,1440.0,ion_concentration_gradient,0,0,0,,,,0,0.425,-0.3716100480815215,other_cation,ion_gradient,1,1,1,0,1,0,,0
10.1021/acsami.8b16529,1,2019,sandwich,1,electrode + chemical,Na+,1,Cl-,electrolyte,0,1,liquid_contact,43.0,1,NaCl,0.58,0,Graphene,carbon,porous,hydroxyl,Cu,Cu,0,1.0,0.28,6.2,0.9,0.0092,seconds,7.0,ion_concentration_gradient,0,0,0,,,,0,0.434,-0.3625092698101124,other_cation,ion_gradient,0,1,1,0,1,0,-2.036212172654445,1
10.1016/j.carbon.2024.119008,0,2024,in-plane,0,environmental_gradient,H+,1,Cl-,electrolyte,0,1,liquid_contact,20.0,1,"HCl, LiCl, NaCl, KCl ",0.36,0,"carbon black (CB), graphene oxide (GO), cotton fabric (CF)",carbon,porous,"carboxyl, hydroxyl ",Cu,Cu,1,1.0,0.75,8.7,1.4,0.017,hours,125.0,ion_concentration_gradient,0,0,0,,,,0,1.63125,0.2125207909164396,proton,ion_gradient,1,0,0,0,1,0,-1.7695510786217261,1
10.1016/j.surfin.2023.102853,1,2023,in-plane,1,chemical,Ca2+,1,Cl-,electrolyte,0,1,liquid_contact,40.0,1,CaCl2,36.9,0,"Carbon Black, Cellulose Acetate",biomass,porous,"carboxyl, hydroxyl",Carbon,Carbon,1,1.0,0.3,19.3,0.88,0.0047,hours,960.0,ion_concentration_gradient,0,0,0,,,,0,1.4475,0.1606188724301003,other_cation,ion_gradient,0,1,0,0,1,0,-2.3279021420642825,1
10.1002/smll.202306318,1,2024,in-plane,0,environmental_gradient,Na+,1,Cl-,electrolyte,0,1,liquid_contact,45.0,1,NaCl,0.23,0,"Carbon Nanotubes, Carbon Black",carbon,porous,"carboxyl, hydroxyl",Ag,Ag,1,1.0,0.43,29.5,25.52,0.0031,hours,180.0,ion_concentration_gradient,0,0,0,,,,0,3.17125,0.5012306171771781,other_cation,ion_gradient,1,0,0,0,1,0,-2.5086383061657274,1
10.1016/j.carbon.2023.118687,0,2024,sandwich,0,environmental_gradient,Fe3+,1,Cl-,electrolyte,0,1,liquid_contact,20.0,1,FeCl3,16.9,0,"carbon black, cotton fiber rope",carbon,porous,"carboxyl, hydroxyl ",Au,Au,1,1.0,0.66,110.0,26.4,0.00034,weeks,30240.0,ion_concentration_gradient,0,0,0,,,,0,18.15,1.2588766533002014,other_cation,ion_gradient,1,0,0,0,1,0,-3.4685210829577446,1
10.1039/d5cc02475g,0,2025,in-plane,0,environmental_gradient,Na+,1,Cl-,electrolyte,0,1,liquid_contact,,1,NaCl,0.41,0,graphene oxide (GO),carbon,porous,"carboxyl, hydroxyl ",Carbon,Carbon,1,0.0,0.6,520.0,123.09,,seconds,50.0,ion_concentration_gradient,0,0,0,,,,0,78.0,1.8920946082583583,other_cation,ion_gradient,1,0,0,0,1,0,,0
10.1039/d3ta03468b,0,2023,sandwich,1,chemical + environmental,Na+,0,,surface_group_dissociation,0,1,vapor_adsorption,,0,,,1,polyelectrolyte-gradient hydrogel ,polymer,hydrogel,sulfonate,Carbon,Carbon,1,0.0,0.13,2.11,,,hours,600.0,ion_concentration_gradient,1,0,0,lignosulfonate sodium (LS),,,1,0.068575,-1.163827850638265,other_cation,ion_gradient,1,1,0,1,0,0,,0
10.1002/anie.201602708,1,2016,in-plane,1,chemical,H+,0,,surface_group_dissociation,0,1,vapor_adsorption,95.0,0,,,0,Carbon Black (CB),carbon,porous,"carboxyl, hydroxyl",Cu,Cu,1,1.0,0.068,0.003,,42.2,hours,360.0,ion_concentration_gradient,0,0,0,,,,0,5.1000000000000006e-05,-4.2839966563652006,proton,ion_gradient,0,1,0,1,0,0,1.6253124509616739,1
10.1016/j.nanoen.2020.104610,1,2020,sandwich,1,chemical + environmental,H+,0,,surface_group_dissociation,0,1,vapor_adsorption,99.0,0,,,1,"TEMPO-oxidized cellulose nanofibrils (TOCNF), quaternized cellulose nanofibrils (QCNF)",biomass,porous,"carboxyl, hydroxyl, amino",Pt,Pt,1,1.0,0.115,0.0143,,0.8,seconds,30.0,ion_concentration_gradient,1,1,0,TEMPO-oxidized cellulose nanofibrils (TOCNF),quaternized cellulose nanofibrils (QCNF),,1,0.000411125,-3.3849710398487907,proton,ion_gradient,1,1,0,1,0,0,-0.09691001300805639,1
10.1016/j.nanoen.2023.108973,1,2023,sandwich,1,electrode,H+,0,,surface_group_dissociation,0,1,vapor_adsorption,85.0,0,,,1,"oxidized regenerated cellulose (ORC), aminated regenerated cellulose (ARC)",biomass,porous,"carboxyl, hydroxyl, amino",Al,Al,0,1.0,4.2,0.0177,,13.1,hours,1440.0,ion_concentration_gradient,1,1,0,oxidized regenerated cellulose (ORC),aminated regenerated cellulose (ARC),,1,0.018585,-1.7308140671860484,proton,ion_gradient,0,0,1,1,0,0,1.1172712956557642,1
10.1021/acsnano.0c04686,1,2020,sandwich,1,chemical,H+,0,,surface_group_dissociation,0,1,vapor_adsorption,99.0,0,,,1,"quaternized silk nanofibrils, carboxylated cellulose nanofibrils",biomass,porous,"carboxyl, hydroxyl, amino",Pt,Pt,1,1.0,0.12,0.025,,,seconds,40.0,ion_concentration_gradient,1,1,0,carboxylated cellulose nanofibrils,quaternized silk nanofibrils,,1,0.00075,-3.1243600629958315,proton,ion_gradient,0,1,0,1,0,0,,0
10.1039/d0ta11974a,1,2021,sandwich,1,electrode,H+,0,,surface_group_dissociation,0,1,vapor_adsorption,99.0,0,,,0,"PVA, PEO",polymer,porous,"carboxyl, hydroxyl",Al,Al,0,1.0,0.83,0.03,,,hours,180.0,ion_concentration_gradient,0,0,0,,,,0,0.006225,-2.205790883653504,proton,ion_gradient,0,0,1,1,0,0,,0
10.1021/acsaem.4c00368,1,2024,sandwich,1,electrode + chemical,H+,0,,surface_group_dissociation,0,1,vapor_adsorption,95.0,0,,,1,"Silk Fibroin (SF), Sericin, Poly(ethylene oxide) (PEO)",biomass,porous,"carboxyl, hydroxyl",Au,Au,0,1.0,0.276,0.07,0.0013,0.12,hours,150.0,ion_concentration_gradient,0,0,1,,,"Silk Fibroin, Sericin",1,0.00483,-2.3159629625134803,proton,ion_gradient,0,1,1,1,0,0,-0.9208187539523752,1
10.1021/acsami.0c17931,1,2020,sandwich,0,environmental_gradient,H+,0,,surface_group_dissociation,0,1,vapor_adsorption,95.0,0,,,0,cellulose,biomass,porous,"carboxyl, hydroxyl",Ag,Ag,1,1.0,0.3,0.08,0.0084,100.0,hours,1440.0,ion_concentration_gradient,0,0,0,,,,0,0.006,-2.2217763732339035,proton,ion_gradient,1,0,0,1,0,0,2.0,1
10.1039/d1ta10865d,1,2022,sandwich,0,environmental_gradient,H+,0,,surface_group_dissociation,0,1,vapor_adsorption,99.0,0,,,1,"Sulfonated cellulose nanofibrils, MOF",biomass,porous,sulfonate,Al,Al,1,1.0,0.65,0.09,,,hours,1080.0,ion_concentration_gradient,1,0,0,Sulfonated cellulose nanofibrils,,,1,0.0146249999999999,-1.8348744309117715,proton,ion_gradient,1,0,0,1,0,0,,0
10.1039/c8ta02505c,1,2018,sandwich,1,electrode,H+,0,,surface_group_dissociation,0,1,vapor_adsorption,96.0,0,,,0,"carbon dots, paper",carbon,porous,"carboxyl, hydroxyl",Au,Au,0,1.0,0.04,0.142,,,seconds,100.0,ion_concentration_gradient,0,0,0,,,,0,0.0014199999999999,-2.8474059220725305,proton,ion_gradient,0,0,1,1,0,0,,0
10.1002/adfm.202418834,1,2025,sandwich,1,chemical,H+,0,,surface_group_dissociation,0,1,vapor_adsorption,80.0,0,,,0,Black Phosphorus aerogel,others,porous,hydroxyl,Carbon,Carbon,1,0.0,0.25,0.16,0.0104,1.0,seconds,50.0,ion_concentration_gradient,0,0,0,,,,0,0.01,-1.9999565727231372,proton,ion_gradient,0,1,0,1,0,0,0.0,1
10.1016/j.nanoen.2021.106529,1,2021,sandwich,1,electrode,H+,0,,surface_group_dissociation,0,1,vapor_adsorption,99.0,0,,,1,Silk Fibroin (SF),biomass,porous,"carboxyl, hydroxyl",Au,Au,0,1.0,0.28,0.19,,,seconds,16.0,ion_concentration_gradient,0,0,1,,,Silk Fibroin (SF),1,0.0133,-1.8761157065399925,proton,ion_gradient,0,0,1,1,0,0,,0
10.1021/acsnano.4c09494,1,2024,sandwich,1,electrode,H+,0,,surface_group_dissociation,0,1,vapor_adsorption,63.0,0,,,1,"BCSNF, rGO",biomass,porous,"carboxyl, hydroxyl, sulfonate",Au,Au,0,1.0,0.54,0.35,0.047,1.0,weeks,129600.0,ion_concentration_gradient,1,0,0,Bacterial cellulose sulfate nanofibers (BCSNF),,,1,0.04725,-1.325588995834374,proton,ion_gradient,0,0,1,1,0,0,0.0,1
10.1016/j.cej.2024.156026,1,2024,sandwich,1,electrode,H+,0,,surface_group_dissociation,0,1,vapor_adsorption,85.0,0,,,0,"wood, ZnO",biomass,porous,"carboxyl, hydroxyl",Ag,Ag,0,1.0,0.47,0.5,,,hours,720.0,ion_concentration_gradient,0,0,0,,,,0,0.05875,-1.2309847368726377,proton,ion_gradient,0,0,1,1,0,0,,0
10.1002/adma.202509865,0,2026,sandwich,1,chemical,H+,0,,surface_group_dissociation,0,1,vapor_adsorption,100.0,0,,,1,"polycaprolactone (PCL), PEDOT:PSS, GO, Ppy",polymer,porous,"sulfonate, carboxyl, hydroxyl",Ppy,Ppy,1,0.0,0.8,0.5,,,hours,1440.0,ion_concentration_gradient,1,1,0,PEDOT:PSS,polypyrrole (PPy),,1,0.1,-0.9999956570768956,proton,ion_gradient,0,1,0,1,0,0,,0
10.1002/adma.202304099,0,2023,sandwich,1,electrode + chemical + environmental,OH-,1,H+,water_dissociation,0,1,vapor_adsorption,32.0,0,,,0,"PAN, Al₂O₃",metal oxide,porous,"hydroxyl, cyano",Carbon,Carbon,0,0.0,3.18,0.58,0.45,1.59,hours,133.0,streaming,0,0,0,,,,0,0.4611,-0.3362039359154635,anion,streaming,1,1,1,0,0,1,0.2013971243204515,1
10.1038/s41586-020-2010-9,1,2020,sandwich,0,electrode,H+,0,,surface_group_dissociation,0,1,vapor_adsorption,50.0,0,,,1,protein nanowires,biomass,film,"carboxyl, hydroxyl",Au,Au,0,1.0,0.5,0.6,,1.0,weeks,90000.0,ion_concentration_gradient,0,0,1,,,Geobacter sulfurreducens protein nanowires,1,0.075,-1.1249329460538116,proton,ion_gradient,0,0,1,1,0,0,0.0,1
10.1002/advs.202206483,1,2023,sandwich,0,environmental_gradient,H+,0,,surface_group_dissociation,0,1,vapor_adsorption,65.0,0,,,1,"PEDOT:PSS, Bi₂Te₃",semiconductor,porous,sulfonate,Ag,Ag,1,1.0,0.68,0.7,0.3978,,seconds,16.0,ion_concentration_gradient + thermo_diffusion,1,0,0,PEDOT:PSS,,,1,0.119,-0.924449389089342,proton,ion_gradient,1,0,0,1,0,0,,0
10.1021/acsami.3c14264,1,2024,sandwich,1,electrode,H+,1,Na+,surface_group_dissociation,0,1,vapor_adsorption,90.0,0,,,1,COF-SO3H/CNF aerogel,biomass,porous,sulfonate,Steel,Steel,0,1.0,1.0,0.72,0.212,1.0,hours,300.0,ion_concentration_gradient,1,0,0,Carboxylated cellulose nanofiber (CNF-C),,,1,0.18,-0.7447250821562743,proton,ion_gradient,0,0,1,1,0,0,0.0,1
10.1016/j.reactfunctpolym.2023.105806,1,2024,coaxial_cable,1,electrode,H+,0,,surface_group_dissociation,0,1,vapor_adsorption,90.0,0,,,1,"Chitosan (CS), Konjac Glucomannan (KGM), MCNT",biomass,porous,"carboxyl, hydroxyl, amino",Cu,Cu,0,1.0,0.189,0.97,0.083,42.5,hours,480.0,ion_concentration_gradient,0,1,0,,Chitosan (CS),,1,0.0458325,-1.338816977303591,proton,ion_gradient,0,0,1,1,0,0,1.6283889300503116,1
10.1039/C9EE00838A,1,2019,sandwich,1,electrode + chemical,H+,0,,surface_group_dissociation + active electrode,1,1,vapor_adsorption,80.0,0,,,1,Graphene Oxide (GO)/PAAS,carbon,porous,"carboxyl, hydroxyl",Au,Ag,0,1.0,0.6,1.0,0.07,10.0,days,7200.0,ion_concentration_gradient + schottky_junction,1,0,0,sodium polyacrylate (PAAS),,,1,0.15,-0.8239058456574236,proton,ion_gradient,0,1,1,1,0,0,1.0,1
10.1016/j.applthermaleng.2025.127255,0,2025,in-plane,1,chemical,Ca2+,1,Cl-,electrolyte,0,1,vapor_adsorption,40.0,1,CaCl2,25.9,0,"carbon black, PVA, paper, CaCl₂",carbon,porous,"carboxyl, hydroxyl ",Cu,Cu,1,1.0,0.67,1.0,0.23,0.49,weeks,20160.0,ion_concentration_gradient,0,0,0,,,,0,0.1675,-0.7759825958319986,other_cation,ion_gradient,0,1,0,0,1,0,-0.3098039199714863,1
10.1016/j.apsusc.2025.164747,0,2026,sandwich,1,electrode + chemical,H+,1,Br-,surface_group_dissociation + electrolyte,0,1,vapor_adsorption,80.0,0,,,1,"Graphene oxide (GO), poly[ViEtIm]Br modified reduced graphene oxide",carbon,porous,"carboxyl, hydroxyl, imidazolium, bromide ",Ni,Ni,0,1.0,0.82,1.01,,200.0,hours,132.0,ion_concentration_gradient,0,1,0,,poly[ViEtIm]Br,,1,0.2070499999999999,-0.6839226676323439,proton,ion_gradient,0,1,1,1,1,0,2.3010299956639813,1
10.1021/acsnano.1c07186,1,2021,sandwich,1,electrode,H+,0,,surface_group_dissociation,0,1,vapor_adsorption,80.0,0,,,1,"Ti3C2Tx MXene, Cellulose, PSSA",polymer,film,sulfonate,Ag,Ag,0,1.0,0.3,1.2,,,seconds,,ion_concentration_gradient,1,0,0,Poly(4-styrenesulfonic acid) (PSSA),,,1,0.09,-1.0457526650932398,proton,ion_gradient,0,0,1,1,0,0,,0
10.1021/acs.langmuir.2c00566,1,2022,sandwich,1,electrode,H+,0,,surface_group_dissociation,0,1,vapor_adsorption,98.0,0,,,0,"Carbon Ink, cellulose",biomass,porous,"carboxyl, hydroxyl",Cu,Cu,0,1.0,0.19,1.4,0.132,,seconds,83.0,ion_concentration_gradient,0,0,0,,,,0,0.0664999999999999,-1.1771718240019096,proton,ion_gradient,0,0,1,1,0,0,,0
10.1016/j.nanoen.2022.107017,1,2022,sandwich,1,electrode + chemical,H+,0,,surface_group_dissociation,0,1,vapor_adsorption,80.0,0,,,1,"PSSA, PVA",polymer,porous,sulfonate,Carbon,Carbon,0,0.0,1.0,1.7,0.1,10.0,hours,360.0,ion_concentration_gradient,1,0,0,poly (4-styrene sulfonic acid) (PSSA),,,1,0.425,-0.3716100480815215,proton,ion_gradient,0,1,1,1,0,0,1.0,1
10.1016/j.nanoen.2020.104922,1,2020,in-plane,0,chemical,Li+,1,Cl-,electrolyte,0,1,vapor_adsorption,80.0,1,LiCl,4.07,0,"Corn Stalk, LiCl",biomass,porous,"carboxyl, hydroxyl",Carbon,Carbon,1,0.0,0.56,2.33,0.177,0.741,days,11520.0,ion_concentration_gradient,0,0,0,,,,0,0.3262,-0.4865147119229158,other_cation,ion_gradient,0,1,0,0,1,0,-0.13018179202067184,1
10.1038/s41467-024-49393-9,0,2024,sandwich,1,chemical,H+,1,Cl-,surface_group_dissociation,0,1,vapor_adsorption,90.0,0,,,1,PDDA/PSSA bilayer polyelectrolyte film ,polymer,hydrogel,"sulfonate, quaternary ammonium, hydroxyl ",Carbon,Carbon,1,0.0,1.27,2.7,0.86,0.001,hours,125.0,ion_concentration_gradient,1,1,0,poly (4-styrene sulfonic acid) (PSSA),Polydiallyl dimethyl ammonium chloride (PDDA),,1,0.8572500000000001,-0.0668919995997447,proton,ion_gradient,0,1,0,1,0,0,-3.0,1
10.1016/j.nanoen.2024.110187,1,2024,in-plane,1,chemical + environmental,H+,1,OH-,surface_group_dissociation + electrolyte,0,1,vapor_adsorption,40.0,0,,,1,"V2O5, Ni(OH)2, PSS, BTAC salt",metal oxide,film,"sulfonate, hydroxyl",Ag,Ag,1,1.0,0.61,3.16,1.06,0.22,weeks,115200.0,ion_concentration_gradient + thermo_diffusion,1,0,0,poly (4-styrene sulfonic acid) (PSSA),,,1,0.4819,-0.3170421724868569,proton,ion_gradient,1,1,0,1,1,0,-0.6575773191777937,1
10.1063/5.0139883,0,2023,in-plane,1,chemical,H+,0,,water_dissociation,0,1,vapor_adsorption,,0,,,0,"TiO₂ nanowires, AgInZnS, PVA",semiconductor,porous,hydroxyl,Carbon,Carbon,1,0.0,0.75,4.0,,1.0,seconds,12.0,streaming,0,0,0,,,,0,0.75,-0.1249381575493767,proton,streaming,0,1,0,0,0,1,0.0,1
10.1016/j.enconman.2023.117256,0,2023,in-plane,1,chemical,Co3+,1,Cl-,electrolyte,0,1,vapor_adsorption,70.0,1,CoCl2,,0,TiO₂/Co hydrogel ,composite,hydrogel,titanol,CNT,CNT,1,0.0,0.95,5.0,1.79,,days,6000.0,ion_concentration_gradient,0,0,0,,,,0,1.1875,0.0746339840184191,other_cation,ion_gradient,0,1,0,0,1,0,,0
10.1016/j.cej.2023.143443,0,2023,sandwich,1,electrode + chemical,H+,0,,surface_group_dissociation,0,1,vapor_adsorption,90.0,0,,,1,PSS-PVA@CDs ,polymer,film,"sulfonate, carboxyl, hydroxyl ",Carbon,Carbon,0,0.0,0.83,5.2,0.6,1.0,seconds,30.0,ion_concentration_gradient,1,0,0,poly (4-styrene sulfonic acid) (PSSA),,,1,1.079,0.0330218471799269,proton,ion_gradient,0,1,1,1,0,0,0.0,1
10.1021/acssuschemeng.5c09332,0,2025,sandwich,1,electrode + chemical,Li+,1,Cl-,electrolyte,0,1,vapor_adsorption,95.0,1,LiCl,,1,"PGA, CNF composite ionic hydrogel",polymer,hydrogel,"carboxyl, hydroxyl, amino ",Carbon,Carbon,0,0.0,0.8,6.0,,0.01,seconds,100.0,ion_concentration_gradient,1,0,0,Poly (glutamic acid) (PGA),,,1,1.2000000000000002,0.0791816079595423,other_cation,ion_gradient,0,1,1,0,1,0,-2.0,1
10.1016/j.nanoen.2020.105630,1,2021,in-plane,1,chemical,H+,0,,surface_group_dissociation,0,1,vapor_adsorption,75.0,0,,,0,MoS2,semiconductor,porous,residual hydrogen on MoS2,Cu,Cu,1,1.0,0.019,6.24,0.032,0.003,seconds,30.0,ion_concentration_gradient,0,0,0,,,,0,0.02964,-1.5281071486294195,proton,ion_gradient,0,1,0,1,0,0,-2.5228787452803374,1
10.1021/acsnano.3c08543,0,2024,sandwich,1,electrode + chemical,H+,0,,surface_group_dissociation,0,1,vapor_adsorption,80.0,0,,,1,"P(AA-MEA), CMC, PSSA ",polymer,hydrogel,"carboxyl, hydroxyl, sulfonate",Ag,Ag,1,1.0,0.42,7.6,,,hours,200.0,ion_concentration_gradient,1,0,0,"Poly(4-styrene sulfonic acid) (PSSA), Carboxymethyl cellulose sodium (CMC), P(AA-MEA)",,,1,0.7979999999999999,-0.0979965644209375,proton,ion_gradient,0,1,1,1,0,0,,0
10.1021/acsami.2c12777,1,2022,sandwich,1,chemical + environmental,H+,0,,surface_group_dissociation,0,1,vapor_adsorption,80.0,0,,,0,"Citric Acid, Paper (Cellulose)",biomass,porous,"carboxyl, hydroxyl",MXene,MXene,1,0.0,0.275,7.6,2.1,,weeks,20820.0,ion_concentration_gradient,0,0,0,,,,0,0.5225,-0.2819128740320925,proton,ion_gradient,1,1,0,1,0,0,,0
10.1016/j.nanoen.2021.106361,1,2021,sandwich,1,electrode,H+,0,,surface_group_dissociation,0,1,vapor_adsorption,75.0,0,,,1,Geobacter sulfurreducens protein,biomass,film,"carboxyl, hydroxyl",TO,TO,0,0.3,1.3,7.69,2.5,,weeks,1296000.0,ion_concentration_gradient,0,0,1,,,Geobacter sulfurreducens protein nanowires,1,2.4992500000000004,0.3978098745501945,proton,ion_gradient,0,0,1,1,0,0,,0
10.1038/s41467-022-31221-7,1,2022,sandwich,1,electrode + chemical,Li+,1,Cl-,electrolyte,0,1,vapor_adsorption,60.0,1,LiCl,,0,"Cellulon Paper, LiCl, Carbon Black",biomass,porous,"carboxyl, hydroxyl",Carbon,Carbon,0,0.0,0.78,8.3,0.7,0.1,days,14400.0,ion_concentration_gradient,0,0,0,,,,0,1.6185000000000005,0.2091129720699776,other_cation,ion_gradient,0,1,1,0,1,0,-1.0,1
10.1002/adfm.202406901,0,2024,in-plane,1,chemical,Li+,1,"H+, Cl-",surface_group_dissociation + electrolyte,0,1,vapor_adsorption,90.0,1,LiCl,,1,PSSA/PVA/LiCl/glycerol hydrogel on CB-modified non-woven fabric ,polymer,hydrogel + porous,"sulfonate, hydroxyl",Carbon,Carbon,1,0.0,0.88,9.4,0.2536,0.01,weeks,288000.0,ion_concentration_gradient,1,0,0,Poly(4-styrene sulfonic acid) (PSSA),,,1,2.068,0.315550744428857,other_cation,ion_gradient,0,1,0,1,1,0,-2.0,1
10.1039/d4cc01652a,0,2024,in-plane,1,chemical,H+,0,,surface_group_dissociation,0,1,vapor_adsorption,90.0,0,,,1,"Poly(4-styrenesulfonic acid) (PSSA), poly(vinyl alcohol) (PVA), phytic acid (PA)",polymer,porous,"sulfonate, phosphate, hydroxyl ",Carbon,Carbon,1,0.0,0.88,10.0,1.36,0.036,hours,180.0,ion_concentration_gradient,1,0,0,Poly(4-styrene sulfonic acid) (PSSA),,,1,2.2,0.3424228782287441,proton,ion_gradient,0,1,0,1,0,0,-1.4436974992327127,1
10.1038/s41467-025-61898-5,0,2025,sandwich,1,electrode + chemical,Li+,1,Cl-,electrolyte,0,1,vapor_adsorption,45.0,1,LiCl,,0,N-MXene@PVA / P-MXene@PVA bilayer hydrogel ,polymer,hydrogel,"hydroxyl, carboxyl, amino ",Au,Au,0,1.0,0.8,14.25,11.4,0.01,hours,133.0,ion_concentration_gradient,0,0,0,,,,0,2.85,0.4548450123925122,other_cation,ion_gradient,0,1,1,0,1,0,-2.0,1
10.1002/adma.202201228,1,2022,in-plane,1,chemical,Na+,0,,electrolyte,0,1,vapor_adsorption,80.0,1,NaCl,5.0,0,"PVA-based hydrogel, NaCl",polymer,hydrogel,"carboxyl, hydroxyl",Carbon,Carbon,1,0.0,0.65,15.0,,2.2,days,9000.0,ion_concentration_gradient,0,0,0,,,,0,2.4375,0.386944802542633,other_cation,ion_gradient,0,1,0,0,1,0,0.3424226808222063,1
10.1016/j.nanoen.2021.106605,1,2022,sandwich,1,chemical,H+,0,,surface_group_dissociation,0,1,vapor_adsorption,60.0,0,,,0,Graphene Oxide (GO),carbon,porous,"carboxyl, hydroxyl",Cu,Cu,1,1.0,0.75,15.0,9.0,0.05,hours,240.0,ion_concentration_gradient,0,0,0,,,,0,2.8125,0.4490926855352072,proton,ion_gradient,0,1,0,1,0,0,-1.3010299956639813,1
10.1038/s41565-021-00903-6,1,2021,sandwich,1,chemical,H+,0,,surface_group_dissociation,0,1,vapor_adsorption,85.0,0,,,1,PSSA / PDDA,polymer,film,"sulfonate, amino",Carbon,Carbon,1,0.0,1.38,16.0,5.52,20.0,days,15480.0,ion_concentration_gradient,1,1,0,Poly(4-styrene sulfonic acid) (PSSA),Polydiallyl dimethyl ammonium chloride (PDDA),,1,5.52,0.7419391564057284,proton,ion_gradient,0,1,0,1,0,0,1.3010299956639813,1
10.1021/acsnano.4c01179,0,2024,sandwich,1,electrode + chemical,Cl-,1,[OMIM]+ ,electrolyte,0,1,vapor_adsorption,70.0,0,,,1,"TEMPO-oxidized cellulose nanofibrils (CNF), imidazolium-based poly(ionic liquid) (PIL), 1-methyl-3-octylimidazolium chloride ([OMIM][Cl]) ",biomass,hydrogel,"carboxyl, hydroxyl, imidazolium, chloride ",Ag,Ag,1,1.0,0.35,16.67,,0.08,weeks,20160.0,ion_concentration_gradient,1,1,0,TEMPO-oxidized cellulose nanofibrils (TOCNF) ,imidazolium-based poly(ionic liquid) (PIL) ,,1,1.458625,0.1639439505925984,anion,ion_gradient,0,1,1,0,1,0,-1.0969100130080565,1
10.1039/C8EE01502C,1,2018,sandwich,1,chemical,H+,0,,surface_group_dissociation,0,1,vapor_adsorption,85.0,0,,,0,Graphene Oxide (GO),carbon,porous,"carboxyl, hydroxyl",Au,Au,1,1.0,0.45,18.0,2.02,50.0,days,6000.0,ion_concentration_gradient,0,0,0,,,,0,2.025,0.3064252420170452,proton,ion_gradient,0,1,0,1,0,0,1.6989700043360187,1
10.1021/acs.nanolett.2c00919,1,2022,sandwich,1,chemical,H+,1,Cl-,surface_group_dissociation,0,1,vapor_adsorption,85.0,0,,,1,Balsa Wood,biomass,porous,"carboxyl, hydroxyl, quaternary_ammonium",Pt,Pt,1,1.0,0.57,19.25,0.71,0.07,hours,1440.0,ion_concentration_gradient,1,1,0,TEMPO-oxidized wood,quaternized wood,,1,2.743125,0.4382457565100884,proton,ion_gradient,0,1,0,1,0,0,-1.154901959985743,1
10.1021/acsami.3c08618,1,2023,sandwich,1,electrode + chemical + environmental,Na+,1,Cl-,electrolyte,0,1,vapor_adsorption,40.0,0,NaCl,3.44,1,"TEMPO‑oxidized cellulose nanofiber, Graphene Oxide (GO)",biomass,porous,"carboxyl, hydroxyl",Carbon,Carbon,0,0.0,0.55,20.0,7.0,,days,10080.0,ion_concentration_gradient,1,0,0,TEMPO‑oxidized cellulose nanofiber (TOCNF),,,1,2.75,0.4393328517555001,other_cation,ion_gradient,1,1,1,0,1,0,,0
10.1039/d5ta06289f,0,2026,in-plane,1,chemical,Li+,1,Cl-,electrolyte,0,1,vapor_adsorption,65.0,1,LiCl,4.2,0,Janus-like asymmetric MOFs@FP-CB membrane,MOF/COF,porous,"imidazole, sulfonate, carboxyl, hydroxyl",Carbon,Carbon,1,0.0,0.2,20.6,0.27,0.0083,days,10080.0,ion_concentration_gradient,0,0,0,,,,0,1.03,0.0128376463500955,other_cation,ion_gradient,0,1,0,0,1,0,-2.0809219076239263,1
10.1039/d2ee00030j,1,2022,sandwich,1,electrode + chemical,H+,0,,surface_group_dissociation,0,1,vapor_adsorption,82.9,0,,,1,"Nafion, pNIPAm",polymer,hydrogel + film,sulfonate,Carbon,Carbon,0,0.0,1.86,21.8,10.14,0.04,seconds,5.0,ion_concentration_gradient,0,1,0,,Nafion,,1,10.137,1.0059094893370626,proton,ion_gradient,0,1,1,1,0,0,-1.3979400086720375,1
10.1016/j.cej.2025.164788,1,2025,sandwich,1,electrode,Na+,1,Cl-,electrolyte,0,1,vapor_adsorption,55.0,1,NaCl,5.0,1,"PGA, cellulose nanofibers",biomass,hydrogel,"carboxyl, hydroxyl",Carbon,Carbon,0,0.0,0.8,22.0,,0.1,weeks,60000.0,ion_concentration_gradient,1,0,0,Poly(glutamic acid) (PGA),,,1,4.4,0.6434527751894676,other_cation,ion_gradient,0,0,1,0,1,0,-1.0,1
10.1039/d2ta05221k,0,2022,sandwich,1,electrode + chemical,K+,0,,surface_group_dissociation,0,1,vapor_adsorption,60.0,0,,,1,potassium polyacrylate ionic hydrogel,polymer,hydrogel,"carboxyl, hydroxyl",Au,Au,0,1.0,0.2,23.75,0.48,0.01,weeks,10200.0,ion_concentration_gradient,1,0,0,polyacrylic acid (PAA),,,1,1.1875,0.0746339840184191,other_cation,ion_gradient,0,1,1,1,0,0,-2.0,1
10.1021/acsami.4c21266,0,2025,sandwich,1,chemical,Na+,1,Cl-,surface_group_dissociation,0,1,vapor_adsorption,60.0,0,,,1,"SA, poly(AETA), PVA",polymer,hydrogel + porous,"carboxyl, quaternary ammonium, amide ",Carbon,Carbon,1,0.0,1.03,23.8,9.12,0.02,days,10080.0,ion_concentration_gradient,1,1,0,Sodium Alginate (SA),Poly(AETA),,1,6.128500000000001,0.7873542612984434,other_cation,ion_gradient,0,1,0,1,0,0,-1.6989700043360187,1
10.1021/acsami.4c03828,0,2024,in-plane,1,chemical + environmental,MA+,1,Br-,electrolyte,0,1,vapor_adsorption,85.0,0,,,0,SnBr₄(DMSO)₂/MABr two-phase eutectic film ,semiconductor,film,ammonium,TO,TO,1,0.0,0.52,30.625,10.5,1.46,hours,360.0,ion_concentration_gradient,0,0,0,,,,0,3.98125,0.6000195587643682,other_cation,ion_gradient,1,1,0,0,1,0,0.1643528557844371,1
10.1016/j.enconman.2025.120396,0,2025,in-plane,1,chemical,Li+,1,"H+, Cl-",surface_group_dissociation + electrolyte,0,1,vapor_adsorption,70.0,1,LiCl,,0,polyvinyl alcohol (PVA)-phytic acid (PA)-lithium chloride (LiCl) asymmetric hydrogel (AH) coated on carbon fabric,polymer,hydrogel + porous,"hydroxyl, phosphate",Au,Au,1,1.0,0.7,33.9,3.48,0.024,hours,1440.0,ion_concentration_gradient,0,0,0,,,,0,5.932499999999999,0.7732378200953514,other_cation,ion_gradient,0,1,0,1,1,0,-1.6197887582883939,1
10.1016/j.cej.2024.153411,1,2024,in-plane,1,chemical,Ca2+,1,Cl-,electrolyte,0,1,vapor_adsorption,50.0,1,CaCl2,36.9,0,"cellulose, carbon black, CaCl2",biomass,porous,hydroxyl,Carbon,Carbon,1,0.0,0.47,40.0,,0.001,hours,300.0,ion_concentration_gradient,0,0,0,,,,0,4.699999999999999,0.6720979503387888,other_cation,ion_gradient,0,1,0,0,1,0,-3.0,1
10.1016/j.cej.2024.151660,0,2024,sandwich,1,chemical,Li+,1,Cl-,electrolyte,0,1,vapor_adsorption,60.0,1,LiCl,,0,"LiCl, filter paper (FP), carbon nanotubes (CNTs)",carbon,porous,hydroxyl,Carbon,Carbon,1,0.0,0.26,46.37,2.84,0.003,hours,300.0,ion_concentration_gradient,0,0,0,,,,0,3.01405,0.4791505966286419,other_cation,ion_gradient,0,1,0,0,1,0,-2.5228787452803374,1
10.1038/s41467-025-60341-z,1,2025,sandwich,1,chemical,Fe3+,1,Cl-,electrolyte,0,1,vapor_adsorption,75.0,1,FeCl3,,0,Iron Hydrogel,polymer,hydrogel,"amino, hydroxyl",Carbon,Carbon,1,0.0,0.5,49.0,12.43,0.01,days,14400.0,ion_concentration_gradient,0,0,0,,,,0,6.125,0.7871061639417858,other_cation,ion_gradient,0,1,0,0,1,0,-2.0,1
10.1063/5.0083220,0,2022,sandwich,1,chemical,Na+,1,OH-,electrolyte,0,1,vapor_adsorption,80.0,1,NaOH,2.4,0,"MoS₂ nanosheets, cellulose sponge, NaOH ",semiconductor,porous,hydroxyl,Au,Au,1,1.0,0.43,62.0,6.7,,seconds,60.0,ion_concentration_gradient,0,0,0,,,,0,6.665,0.8238002189103355,other_cation,ion_gradient,0,1,0,0,1,0,,0
10.1038/s41467-023-41371-x,0,2023,sandwich,1,electrode + chemical,Ca2+,1,"Cl-, Li+, SO3-",electrolyte,0,1,vapor_adsorption,90.0,1,"CaCl2, LiCl, H2SO4",44.0,1,CaCl2-loaded carbon fabric + PVA-LiCl/H-PSS polyelectrolyte membrane,polymer,hydrogel + porous,"carboxyl, hydroxyl, sulfonate ",Au,Au,0,1.0,0.91,70.0,9.2,0.001,days,4320.0,ion_concentration_gradient,1,0,0,Poly(4-styrene sulfonic acid) (PSSA),,,1,15.925,1.2020794682786262,other_cation,ion_gradient,0,1,1,0,1,0,-3.0,1
10.1016/j.nanoen.2022.107709,1,2022,sandwich,1,electrode,H+,0,,surface_group_dissociation,0,1,vapor_adsorption,90.0,0,,,1,β-Lactoglobulin,biomass,film,"carboxyl, hydroxyl",Ti,TO,0,1.0,0.65,72.5,38.88,0.13,hours,480.0,ion_concentration_gradient,0,0,1,,,milk β-lactoglobulin protein,1,11.78125,1.0711914087490777,proton,ion_gradient,0,0,1,1,0,0,-0.8860566476931632,1
10.1016/j.cej.2023.145325,1,2023,coaxial_cable,1,electrode + chemical,H+,0,,surface_group_dissociation,0,1,vapor_adsorption,95.0,0,,,1,"SA, MWCNT",biomass,film,"carboxyl, hydroxyl",Ag,Ag,0,1.0,0.38,100.0,9.5,,hours,2160.0,ion_concentration_gradient,1,0,0,sodium alginate (SA),,,1,9.5,0.977723651004054,proton,ion_gradient,0,1,1,1,0,0,,0
10.1038/s41467-022-30156-3,1,2022,sandwich,1,electrode,Na+,0,,surface_group_dissociation,0,1,vapor_adsorption,100.0,0,,,1,"sodium alginate, SiO2 nanofiber, rGO",biomass,porous,carboxylate,Au,Au,0,1.0,0.5,100.0,12.0,0.004,days,5760.0,ion_concentration_gradient,1,0,0,sodium alginate (SA),,,1,12.5,1.0969100477516136,other_cation,ion_gradient,0,0,1,1,0,0,-2.3979400086720375,1
10.1039/C9EE00252A,1,2019,sandwich,1,electrode,H+,0,,surface_group_dissociation,0,1,vapor_adsorption,80.0,0,,,1,PSSA,polymer,film,sulfonate,Carbon,Carbon,0,0.0,0.8,100.0,17.0,0.05,hours,240.0,ion_concentration_gradient,1,0,0,Poly(4-styrene sulfonic acid) (PSSA),,,1,20.0,1.3010300173787048,proton,ion_gradient,0,0,1,1,0,0,-1.3010299956639813,1
10.1021/acsenergylett.3c00023,0,2023,in-plane,0,environmental_gradient,MA+,1,Br-,electrolyte,0,1,vapor_adsorption,65.0,0,,,0,perovskite MA₄PbBr₆·2H₂O ,semiconductor,film,"methylammonium, bromide",TO,TO,1,0.0,0.55,100.0,45.0,,days,7200.0,ion_concentration_gradient,0,0,0,,,,0,13.750000000000002,1.1383027297513335,other_cation,ion_gradient,1,0,0,0,1,0,,0
10.1002/adfm.202308620,1,2024,sandwich,1,electrode + environmental,H+,0,,surface_group_dissociation,0,1,vapor_adsorption,90.0,0,,,1,PSSA,polymer,film,sulfonate,Carbon,Carbon,0,0.0,0.8,120.0,13.0,0.04,hours,600.0,ion_concentration_gradient,1,0,0,Poly(4-styrene sulfonic acid) (PSSA),,,1,24.0,1.3802112598072092,proton,ion_gradient,1,0,1,1,0,0,-1.3979400086720375,1
10.1002/advs.202300750,1,2023,sandwich,1,electrode + chemical,H+,1,Cl-,surface_group_dissociation,0,1,vapor_adsorption,83.0,0,,,1,"(GO)PANI, F-Nafion(PDDA)",polymer,film,"carboxyl, hydroxyl, sulfonate, amino",Ag,Ag,0,1.0,0.9,126.0,16.0,0.1,hours,600.0,ion_concentration_gradient,1,1,0,Nafion,"polyaniline (PANI), poly(diallyldimethylammonium chloride) (PDDA)",,1,28.35,1.4525530785479546,proton,ion_gradient,0,1,1,1,0,0,-1.0,1
10.1038/s41467-024-50396-9,0,2024,sandwich,1,electrode + chemical + environmental,Li+,1,Cl-,electrolyte,0,1,vapor_adsorption,70.0,1,LiCl,,0,Porous P(VdF-HFP) + PVA-PA-LiCl ionic hydrogel ,polymer,hydrogel,"hydroxyl, phosphate ",Carbon,Carbon,0,0.0,0.88,306.0,51.0,0.009,days,8640.0,ion_concentration_gradient + radiative_cooling_enhanced_evaporation,0,0,0,,,,0,67.32000000000001,1.8281441137549816,other_cation,ion_gradient,1,1,1,0,1,0,-2.0457574905606752,1
10.1016/j.cej.2023.142097,1,2023,sandwich,1,chemical,H+,0,,surface_group_dissociation,0,1,vapor_adsorption,60.0,0,,,0,Graphene Oxide (GO),carbon,porous,"carboxyl, hydroxyl",Au,Au,1,1.0,1.15,480.0,110.0,0.1,hours,666.0,ion_concentration_gradient,0,0,0,,,,0,138.0,2.1398790895482978,proton,ion_gradient,0,1,0,1,0,0,-1.0,1
10.1039/d4ta05041j,0,2024,sandwich,1,chemical + environmental,H+,0,,surface_group_dissociation,0,1,vapor_adsorption,90.0,0,,,0,graphene oxide/polyvinyl alcohol/polyethylene glycol (GO/PVA/PEG) ,carbon,film,"carboxyl, hydroxyl",Ag,Ag,0,1.0,0.52,625.0,384.0,,weeks,43200.0,ion_concentration_gradient,0,0,0,,,,0,81.25,1.909823374996075,proton,ion_gradient,1,1,0,1,0,0,,0
10.1002/adma.202103897,1,2022,sandwich,1,electrode + chemical,H+,0,,surface_group_dissociation,0,1,vapor_adsorption,20.0,0,,,1,"PSSA, Rose Bengal, PEDOT:PSS",polymer,film,sulfonate,Au,Au,0,1.0,0.92,1550.0,88.0,0.008,hours,2400.0,ion_concentration_gradient,1,0,0,"Poly(4-styrene sulfonic acid) (PSSA), PEDOT:PSS",,,1,356.5,2.552059535406101,proton,ion_gradient,0,1,1,1,0,0,-2.0969100130080562,1
10.1039/D3EE00843F,1,2023,sandwich,1,electrode + chemical,H+,0,,surface_group_dissociation,0,1,vapor_adsorption,70.0,0,,,1,"PSSA, Kuromanin (Ke)",polymer,film,sulfonate,Au,Au,0,1.0,0.8,1600.0,88.0,0.0005,days,10800.0,ion_concentration_gradient,1,0,0,Poly(4-styrene sulfonic acid) (PSSA),,,1,320.0,2.505149979677076,proton,ion_gradient,0,1,1,1,0,0,-3.3010299956639813,1
10.1016/j.nanoen.2024.110291,0,2024,sandwich,0,environmental_gradient,H+,0,,surface_group_dissociation,0,1,vapor_adsorption,90.0,0,,,0,Kautsky-type siloxene nanosheets ,semiconductor,porous,hydroxyl,Carbon,Carbon,1,0.0,0.73,22.37,1.92,3.0,hours,300.0,ion_concentration_gradient,0,0,0,,,,0,4.082525,0.6109289592680012,proton,ion_gradient,1,0,0,1,0,0,0.47712125471966244,1
10.1016/j.renene.2025.123945,0,2026,sandwich,1,chemical + environmental,Ca2+,1,Cl-,electrolyte,0,1,vapor_adsorption,40.0,1,CaCl2,,0,"carbon black gradient modified cellulose filter paper, CaCl2",carbon,porous,"carboxyl, hydroxyl",Carbon,Carbon,1,0.0,0.3,0.033,,,hours,480.0,ion_concentration_gradient,0,0,0,,,,0,0.002475,-2.6062493596519194,other_cation,ion_gradient,1,1,0,0,1,0,,0
