repetition,subsample_seed,n_rows,subsample_row_ids_sha256,cv_n_splits,cv_split_fingerprint,model_family,model_A_r2_mean,model_A_r2_std,model_B_r2_mean,model_B_r2_std,delta_r2_mean,delta_r2_std,all_split_deltas_positive
1,20260819,90,379922cf2feb1b76ebd04fc03e5433342637a019f3d1c3c61c66b6b47e93b214,5,49bd7ba584163a70608491cebff285e02f78d01d988a54e513d240abf2dcde87,Elastic Net,0.2659147011229697,0.08669857701014828,0.35510564220428587,0.1681367386618176,0.08919094108131617,0.11617265076910303,False
2,20260820,90,85048e5b6820ce53f655b1c94a5469d399dd68fba1243e364ec4b50c49e1951a,5,3f709f0a462af55c2927410a98b3de4e4f6bb58cf7642682a30fd8d4103abb8c,Elastic Net,0.011803505401728653,0.17089629732017378,0.17267085036750002,0.12035508007485039,0.16086734496577137,0.06507737735996481,True
3,20260821,90,dda299e5c239c53cb43630bf8bc20fb42bd128375a86ed16f0c8de163658f006,5,43d17467083a4de83e468eac35ed90accb93a29b317bc921df3304c72b4cc6f0,Elastic Net,0.29744401713179314,0.03686020056071113,0.366071165232191,0.15066309767682312,0.06862714810039787,0.18440811634887103,False
4,20260822,90,ff29ba5900f95998caa39038b5934ccb09734bb2c705f9931d3db1e11e09a3a5,5,e25f335d5bf4487c2444a1832ee6d8771c6e5409145a2a387c009c95de180204,Elastic Net,0.1558407198676643,0.058480592750489155,0.2535893016462172,0.1612077998127655,0.09774858177855292,0.12217891970145682,False
5,20260823,90,961642d3b48d202c1ccc8de5aefba4212c86a8d7e811df1ef35edc71e4f36fde,5,2172572ebbe1dee46e6ecc0ef9e3d62b70878fbc0e0fe5051a75c7b7e9370e46,Elastic Net,0.33014134804490414,0.07377293688441276,0.4819118153652854,0.06429010845019041,0.15177046732038127,0.05743450872283717,True
6,20260824,90,62b77b0a17123c8add430c9f25617c5ef24050d1c2e6880b104a9d5e3bd65a35,5,349190cf22883545be72a8b4431bfa43b6e7e8606af20d3506b9171aa389a66c,Elastic Net,0.046562629944216984,0.3236484132006533,0.21550629704347157,0.21987354160030334,0.16894366709925462,0.12101471730634258,True
7,20260825,90,607eeef873f54fa972cb480cc0138bf56bf8be35f7ab7d206ee2508993ad802c,5,a5f3594820380e2495d0928d0e60fa212754908770280a56ac837b75d871c0d1,Elastic Net,0.23840367239225885,0.027392021284313603,0.4512388958130592,0.09183951312119618,0.21283522342080036,0.07446815601252589,True
8,20260826,90,767d78844bfe456d33e404711fe54adec104188b8c9bfc1dfda3ee7bd86cfc38,5,cd7abd06d778d2a450acaf9c7416e510f50e082cd6108fbb88127ca4e0d7167b,Elastic Net,0.2040294555616097,0.10916333766943227,0.2903986171519206,0.058236999614040406,0.08636916159031091,0.055864965828661586,False
9,20260827,90,a8de5bc92212dcd27bc60fae9d2c48fcd326cb32e21fc5222b738a8050337c20,5,4d94aa0ff96be1ad56051181cfa052cb03a09dd673e2710dd9601db29008482e,Elastic Net,0.14558144983161908,0.07745186246918973,0.24756657999582082,0.10422664872435876,0.10198513016420177,0.09005687898827025,False
10,20260828,90,c5cd93897c833e24016f268279b2c1a4de791dfe506d5a35b95f07634e28534a,5,488d2d0477aa45eec7a54ca120dd47f5d48d3373ec3237a9cb057b0404ae7464,Elastic Net,0.11825785969905848,0.08977248208574648,0.3575380031668235,0.09915032841523178,0.239280143467765,0.04269768137416122,True
11,20260829,90,22c0b5c10532554eddecbfb45d38997fb63bf51f28f455026fccbd660eb69eb8,5,974fe30351290c6b275f4a891edab3d35e6599e54f3533d7162c0ad2311acfc1,Elastic Net,0.13975072578911818,0.2634592109888324,0.2913338547503761,0.12539515496539808,0.1515831289612579,0.17494116837125046,False
12,20260830,90,78f4db0ce03314c068a76652c5265994e69d3598be23a4f332e92f206db7cedb,5,8322d5320aff3a2ba01a4ebac7726392d2e9b726ac6e3e01b11e848839998c5f,Elastic Net,0.1526209869470028,0.12284897858298938,0.2783892615278981,0.08840837252969123,0.12576827458089532,0.0886145972245869,False
13,20260831,90,196a3371063fd21074952273771e830e15d9c1d7638f8a55dc80f5a8c32e6a4d,5,d9c6686385a83b0d8c26ff944f368907028162845c6ac1df59d83239484a965c,Elastic Net,0.08908215686941134,0.19586389329721351,0.20885520182278183,0.11665683972868988,0.11977304495337049,0.18597759074129758,False
14,20260832,90,85fe12966158b63a2f7177e77d1b8aafcbb62495ce1b3b18d61b0fa7c825aa64,5,b7a95200346ddd74ababf64e93c506fcea2e39ae104298279b07d9420872d6d2,Elastic Net,0.2033434986520597,0.07150930820463215,0.3713594402511397,0.09134661795565553,0.16801594159908,0.03806601594124339,True
15,20260833,90,92c2933fbc4125bdc72baee47a7265686b6d9b73412a339c27f57f32240eb607,5,5458c26848f8cb697ae0a80675eff7fe2e96f3c39b602411eecae1d82efb6684,Elastic Net,0.09788349886484102,0.25385500453485793,0.37893946969718545,0.17711559141538982,0.2810559708323444,0.10657930071783484,True
16,20260834,90,c4ba34893536fd0e3213667627893a48511a1221b38c50d7f12d375f631eba2b,5,edafbca019d2207c0b0cabc0b5b9b44a324c7c21d251cccff41cd08f0707c76a,Elastic Net,0.2433957027024966,0.15775362035525917,0.4589815452016941,0.16379162247250792,0.21558584249919738,0.06239651494192742,True
17,20260835,90,9c4064426778d131241f40af561451ab1d69e13ffd68b21c8955736cea61d940,5,22d826b99e492131edccb792e587288780ff9a24f35733f87ec4bdde39949018,Elastic Net,0.18188551453561635,0.033748322052995175,0.27719056876103754,0.06168140795140495,0.09530505422542117,0.07935989463042517,False
18,20260836,90,585ce405daf5dc3a4471cdb5aa598e57d78878d04981ef7fa8136d16bb594859,5,aa8cce719c4f976d197d70e5808c4b7dfc56ae1f687376a09d88956b861740fd,Elastic Net,0.182191868958615,0.14906220570960735,0.18263668819366297,0.20451597336086239,0.0004448192350479774,0.14284542482447546,False
19,20260837,90,15b3cfbbd463b8191367668345c6ce4f68487667452db8981063aab36781f4a4,5,c511228ec0741cee96900157146810f7e5e59c462997bafaba165b23db4719e1,Elastic Net,0.09238520617247366,0.14852024973625996,0.29625461610956727,0.1749220178775825,0.20386940993709363,0.07030535494939522,True
20,20260838,90,84ce3c76c798912f02cabdb365382d010cd511a8672b3f633d656284f6119b36,5,53b0eeebf6e2a7f4bf9730214fbf063499a103dc5d4fc3dd043b3934ac191c49,Elastic Net,0.16786205127269255,0.11434406962855755,0.28543824036223936,0.1989887923606949,0.11757618908954678,0.1459254846800226,False
21,20260839,90,edb12bcca63dfc45ea0d575fe9c5ae5608bd9f88a84bf154a9a11b9103f10495,5,e2d7dd565e6cb62c9d081ea478c89b8f9d743285695e739cc5fae5029530b5b5,Elastic Net,0.157389025896119,0.02876052422736199,0.3164985416241069,0.056357691812726145,0.1591095157279879,0.06614323308501925,True
22,20260840,90,3290bb23323a0b010e59c8d4dff6596e42bac32dfac79e63dba7274e7f3c34b9,5,9d31771d6b662435a52a56fec1bbe5346d5be53978f09b2de488453691f37d31,Elastic Net,0.026664984757531006,0.18079934268499173,0.27801464940695936,0.13861358963183054,0.2513496646494283,0.17133652428432194,False
23,20260841,90,ea03ea785181e994e2a5c4d53b871d2db6096a9bf90932e0b3918cb6d9d5ddf5,5,39b7d4dad1a0a707df7d295a02beb2807fa1414d1db13ed48f45aa92d5e60a45,Elastic Net,0.1484528041314031,0.04825242545454647,0.2826588862466659,0.07419500443537194,0.13420608211526278,0.0706423529374508,False
24,20260842,90,b22f180e7fb6cb788f5035c89abee59779b4fa8b613dd80eb6e60526ac9424cb,5,8d76bc7e15c35163ed1d48e4c324054afa0ef5a7bfabf5660e5b84b64dfc7108,Elastic Net,0.09723997729828379,0.2495446849204271,0.22590102224467415,0.22709745062665382,0.12866104494639033,0.23766094228301524,False
25,20260843,90,a67e5bb6fdc97503ff3fc8791d908e3e5b0dcded13414a7883f73277aa9d6d5b,5,234131b1738aadbd9a7368d007e73e7f142699b722b98dbc40091f9538e011a2,Elastic Net,0.16142520207200456,0.26565340161415985,0.38753871542546925,0.18500583666300394,0.22611351335346477,0.08360777610580711,True
26,20260844,90,b6f8174499fcd546736590f0ab2cfd3083ee32f0b1f167b844523cd4d132123c,5,9ae9e9d17888c110e10fb7ef1d5b5d5f510598ad7a2198706eaffd4f998376d9,Elastic Net,0.25055547100162257,0.07187447446381534,0.32275905172354485,0.1267218762023049,0.07220358072192226,0.0994964368434924,False
27,20260845,90,4a50c183afa16a704386f60a12852cee7b449cfd0849a44989a39cb4d2650e95,5,12138df25da9faf9fe7adafce1bfbe9c12c2fdd41a5147f2fb6438f3f19bedb1,Elastic Net,-0.005171050784308351,0.31379589425137366,0.2250302528620866,0.15445570749080673,0.23020130364639496,0.21653918251145396,False
28,20260846,90,323ccdd05db4a97f183cfdd3d901e1bc501538284b6b4c094d9fd809cce09635,5,43fbe7236d19938b79c1bf4d34a2bf3f55866d1bfeb31fb0bff8c87eb0125bcb,Elastic Net,0.20834841912348945,0.3206345030531509,0.08672814690011402,0.4692240703953089,-0.12162027222337543,0.22254714322920835,False
29,20260847,90,b218adf86b80273e4853855e9590cb2d8cf483b17ecd120fb13cf9722e6297f5,5,387ad7a32b23e51527842d77e4c8524109d8862006d444bb0eb64563f9d42503,Elastic Net,0.23591834163906472,0.0523682482724544,0.3250344775743379,0.09301772215746616,0.08911613593527323,0.13762850061759282,False
30,20260848,90,0b770f0b228e9c14fe947e991d3f60527bbdc818f1105ddbd20ee004f5352c7d,5,0640dbe7c5ebca0975535002816af10eeee7634069dd6585a51628cfb1151136,Elastic Net,0.15056412878812236,0.22507950079407094,0.3473680017672306,0.23192497165588039,0.1968038729791082,0.09705592742887706,True
31,20260849,90,92f470c6d73e5920f1d2d39bbc8b2eb3f7e3e4db0628363a16552f0491a7baae,5,4d9a4892228dc1949a14f44070023fa704d0ac23f8837d019daad7aade6b760b,Elastic Net,0.02457414399018736,0.24251220946319466,0.23285630063770418,0.18499933361357918,0.20828215664751681,0.12917704224104465,False
32,20260850,90,ae68dd851a1891174d7ce1eecdc21236c7a27c6e107f0029a85bfd892d3c8275,5,f2fe8c8e6eaebf2503123c57f1a11bf4204e8f1e354da5c94fec6679ca366739,Elastic Net,0.05308987952782016,0.34005434374825827,0.21048386665514682,0.346863527302324,0.15739398712732663,0.09227301439472058,True
33,20260851,90,863e4cddec392f84c4a51afef6cfec0127dd9dd3bc76ad9cc45e844b2c6586bc,5,c9346057f9b0aeac780013b6e5a5cf31c7bd07f393afbe5a7c006c79915ee888,Elastic Net,0.1612935744486638,0.10406776268079673,0.24597416198067928,0.16464466993057772,0.08468058753201549,0.1270152224913951,False
34,20260852,90,216c1b95159d435c2a099775ccc45405406b42d49a2ea17e3ff82e080c4a040b,5,c5288119eef57584a5106d05d55043c232b5346e09ce01228df0dd6b56721a38,Elastic Net,0.06390583732647999,0.18311313550530015,0.23870295923104418,0.15485161450193027,0.1747971219045642,0.0628233466962235,True
35,20260853,90,c6deb4ba63bbd0100b2d712e410442d6983e88bdbc9d961a9fa649b8f61b4346,5,17e5260cbda7a5efea5b3bb69e3e0223a997ff88da472f1c3a1d803d8c4c7cd8,Elastic Net,0.22062054178988255,0.19145496018181163,0.318676202267841,0.12516697399444757,0.09805566047795844,0.200877079878618,False
36,20260854,90,9c5a286bab54cb4422f1ae528be329c561036d11ebec688d4c6f9acbbdc0c1e3,5,b49d337c74b3fb70862541c0a66d6f6da695d8013e758524ff6940cccdda6e37,Elastic Net,0.16527115740637952,0.11388314154309537,0.33674668470005453,0.17866143529816472,0.17147552729367505,0.10549162416306827,True
37,20260855,90,4853ca1dfb8af08d925894cabd4707573b10736cd8aafc2f97a44c9cc14e30f3,5,c240eb77ff456d0589627667ea87e5d2b9415e7d9c4d5b7fa580caabfde232b6,Elastic Net,0.019904142258710022,0.23178915194560507,0.16968969343670628,0.23057204774466794,0.14978555117799625,0.08130203211270338,True
38,20260856,90,5654aa8a72b455118b93e67afbc1ed637cc2b21faf06e43bce6e6d610b01ab9e,5,a0e6a32a4addc7d5e492de6776157afb3685b6f6f8b66fa6a672d091187af898,Elastic Net,0.23901968261912998,0.09448248614129756,0.30519984721262977,0.12977667091069353,0.06618016459349982,0.10172849008202062,False
39,20260857,90,09aa6c7ebedef6cb9d095deab7861f3fd2683b5c5386dc21c27e6b1975f16f98,5,1cd1d5c33a564cab391b62cfa834cdf9b6dc405753aa067583056184c37a7a3d,Elastic Net,0.2049853368216718,0.1093303213759332,0.32533183569682744,0.12798572319436555,0.12034649887515565,0.11666266944733694,False
40,20260858,90,2091f5bf929fb6cc77111b61fcc55a81299c0a21d88c1f5589adb7d4088f725a,5,7b0c5196cbdce102ae99db8f6d501009d035450f1beeb43520142bf258a39fe6,Elastic Net,0.18564834917051204,0.11777962026267887,0.32392482932252953,0.11916569335703747,0.13827648015201754,0.13678160447250054,False
41,20260859,90,8860189b8f6d35b8201df5497e28895f827d7df04609c3b0892f2db70d467c87,5,2962a29d13eda4fce69426206e2802eeccbcf389a64e911ea6852d1126708126,Elastic Net,0.03597976276236272,0.09643164117695639,0.21621405728022944,0.10457124537903349,0.1802342945178667,0.04749423566401675,True
42,20260860,90,7a5679c540551b4f08005bcd5edcf574993fd44148a3acfac92e2405d4c0638a,5,0f58bd5126fdd99ad52d195003f42aa0a12e661519b09097e30f968b2240dca7,Elastic Net,0.1602692182681677,0.13615767810582136,0.253362442186302,0.1759187221795967,0.09309322391813427,0.11833635346367813,False
43,20260861,90,c620c05ceadbe2e024a3c830b2d26c7d04e122f14339599ca0f3f3791d8fd05f,5,f80054196e786d3af17dec3209b548d7da2262380f2fbb69563cdd6f6be2b01f,Elastic Net,-0.04558848683153636,0.5822540295531526,0.09704998451131477,0.5527363156050652,0.14263847134285113,0.165893771212956,False
44,20260862,90,38e5e9c3f82e70906b5fca147ce5722af6ac83458603171804765d2e410539cf,5,672763506aab536e310ee06d38e032efed6165d6a0851043be8adb0f503919cb,Elastic Net,0.15653321113889113,0.14150154228243964,0.13509675766256962,0.3440666310184999,-0.021436453476321504,0.2109709774397755,False
45,20260863,90,e130bd231372244938830e82ce998e3dc6591fe3b24247258732b986673b09f3,5,5bc406b90eb79d166aec51b7a33729998649f45a334273d3db78b6c2f22aac5c,Elastic Net,0.16009753660326392,0.22588653416677393,0.1726296834626613,0.26273589922599505,0.012532146859397386,0.05324426035974572,False
46,20260864,90,af762e6c8002ffc0437d77e48e93c691b01eead11487a8456a1b4cb753ba104a,5,7510f9fb09c4669a4968652015c3fe1f6ee6b9ba836cc3c04bdd48e306f08fd0,Elastic Net,0.16288232203263003,0.14620881603738786,0.30340094937076045,0.15588021926358894,0.14051862733813045,0.07427025986985862,True
47,20260865,90,b0e50580871208a00051ebeb053c688ddfc0ae78fe8beda05e12442cd33dcb66,5,3bf3c30074f2d7830c33066ff3183de0a84ec5ce30ab57c4697fa8d3c438e5cd,Elastic Net,0.12541297843681615,0.13276077497319955,0.2129617928755591,0.18517258466496508,0.08754881443874299,0.2522955374919355,False
48,20260866,90,fca8be206e3672be61db2e982171e1c137193858cd3e8c5be7f6e6874b9ab8a6,5,623df46f97d644faabf67521afcb1bfe3d842f9610ff209bd3053e3f9f01b74b,Elastic Net,0.1745462043186798,0.20024933256924674,0.1740917744553367,0.24837678683720307,-0.00045442986334309765,0.1791938899987708,False
49,20260867,90,c4607f7dd57f457f534ed927f048813952cde34d1a95a9cdb9f61d371ae2c40d,5,084b779f754cfa80f8992a81f3b47af3c9f0076dcba2c0a64b9803472169412c,Elastic Net,0.1420437466684556,0.24459576709231845,0.3034857788139757,0.2793981186706392,0.16144203214552016,0.10538696851302636,False
50,20260868,90,3248a0d33519195e03d15fe0b968652435c8048435d82c8810583b1e0610c834,5,3f77f5cca3881e5cbb82ac3eb23f2d867ed13fea8ad428da0a0ccebfe0d501b9,Elastic Net,0.11713944358545092,0.21868095578344668,0.30088718983631546,0.17165441715228763,0.1837477462508646,0.09422616845785502,True
51,20260869,90,e6bbd48e6f59315f7df772b3cb9c5b61ca43f6f4c30ce067ad201a7748148e29,5,1c3d1013bf1fcedc8b8ef80577178eafcdb537b12c84c0198b4418fd56ffdd05,Elastic Net,0.027917682512171305,0.14190073466607317,0.1711399051186677,0.16548995392371404,0.1432222226064964,0.1636965997422094,False
52,20260870,90,9845ee9718158ab565078a1a2fed57cd3979024be269a3b275ae56eef862d7b5,5,8b66a81eaa46c013994cecba5640fb8aef84e6b723e6f4a38d9746205a379c89,Elastic Net,0.19149168528381702,0.06746402064805104,0.26754767290910897,0.22429087955888402,0.07605598762529195,0.16527723515142803,False
53,20260871,90,c548c952032bd4937438120ee1057189a10a90ebe8880eb3d0e5a846d8b60b75,5,5dfa284fc0608af093ad93947745472dd74ef6315b8b8eb208a58e5c4330934c,Elastic Net,0.32969652581075487,0.08890913307847303,0.4290530044890435,0.12183723005962271,0.09935647867828853,0.07051983023761908,True
54,20260872,90,0f97d885c466e32bc8f9d3706bc71a6566be1194f94ac6784e2110e38b9ac9a0,5,693311c206c2910ab94c41592a3a63f0e13a149099458cdc3a0cd01fd6059229,Elastic Net,-0.00025353981947133785,0.06713360686343069,0.15194783342561477,0.1561636242554483,0.15220137324508612,0.11052956533701404,True
55,20260873,90,bd956ce61b6cf341e8bee0cb15d4667682b044fc975a118bb97a49a1663de8c3,5,fd8291edb56505fb21b663b839a16ca259c913aaa060ee0294b2112308b1dc4c,Elastic Net,0.1824805473597431,0.14655996932966153,0.261106908198364,0.1813021061461397,0.07862636083862093,0.052339277423591825,False
56,20260874,90,4c7305739dfc796e9ae7830b27a145c9c6046b9f205112782857186b7e975b68,5,98e7f66b46922a2226ce32a2c6b5d383042689caaa5c0410f92986f072bec470,Elastic Net,0.055393588150361994,0.14579933703287182,0.10292456817901915,0.1218116111550927,0.04753098002865717,0.21253417128012736,False
57,20260875,90,57a031cb6fad55a002957b0954e3737e4823e6e0c0aef6e059c0f7ff1bfcf181,5,41da1e4f721fcc18df39b4b8315475462ebda53849bfd6fc1690703192b88a2e,Elastic Net,0.2586734396979001,0.06352814495834637,0.48522454473312315,0.1347213532443826,0.226551105035223,0.12358630434650157,True
58,20260876,90,09598cb7fd5f63b7cc8632430bf24359157c465e6a88d3b9be19a7829b16d9e6,5,6df10e11247dcbfe52f8811fcff44bc70613790e50f8027c523c86be41c8f6f5,Elastic Net,0.22430605288869238,0.31974500937598355,0.37958595777099075,0.25000249406368263,0.15527990488229837,0.13622481880852702,False
59,20260877,90,a7f89b1d7df9e724d261862b74d057b66750ba7a343e1339fc7e101b977a905f,5,7ac3fc1aa46b55a0a675832f5ae7570844ee2f1abbfa296af2d4f5b4ee84fd3b,Elastic Net,0.12802880278601508,0.15181104279552782,0.31729554857098885,0.17973970582440882,0.18926674578497377,0.12131934193856667,True
60,20260878,90,c68668422c226522e86b5e467ac0a1b44a51da3062c2852d23aaa6f33b240f75,5,1e4c3df3e6a83f17f0781bfcde57519361f23bb05cd8e067db3733808bfbf393,Elastic Net,0.22033009167032863,0.14516272601999705,0.30286517494232806,0.1382984073203885,0.0825350832719994,0.16142125809922878,False
61,20260879,90,be8d8231813d9f16b05e459ed0c91cd065ce1bcec3bc8dea9873a60a590092eb,5,912246c7f44521f001f3e2a115c88531fa775133f2db29663d7ddb86274ccdaa,Elastic Net,0.1626613691238769,0.20251143491252996,0.2503254176102276,0.1998034563547697,0.08766404848635068,0.09355697386324745,False
62,20260880,90,e6ebe1f85fb4f273a0d7e26978ffb9ad741633afc1cd379df0c7875e659ec3cd,5,e2c5fa216cd21b0b15f17c185d7d10ce238e311b78627a83bdf80463f6294563,Elastic Net,0.13791778397145318,0.07790177312991468,0.23459417875302174,0.12455049923525081,0.09667639478156856,0.18383744212829026,False
63,20260881,90,7700c5f4432ef9603a2e20b3284ab5835734e2591c4d37887cd4dd5b00c2771b,5,c8c4ddde2fd0bead0e3ccea9109b9755d8f4619d8049d01fe15222cd5872c1eb,Elastic Net,0.16190722420623874,0.15812250565956654,0.34107960976819773,0.19731532546204258,0.17917238556195902,0.06692442710500333,True
64,20260882,90,089ae6267c8ab13b3765eb0799b8eca713b68b8e7ded8296dd6e253121b37860,5,d9ef06c2e04804895e92388f61b8176e55553a61c03709e963afb90b86615d9a,Elastic Net,0.075052691235897,0.26064173205035196,0.07891519680787869,0.26952162835297366,0.003862505571981689,0.16170621738334903,False
65,20260883,90,fc2aea55afa319ef625139a3c44f0a1861173016433e360551f5caf9c4680d10,5,dab2d5d02456b9bd7d4a7fe5613ff885c33389a759e5f7ad2367e123206f11a5,Elastic Net,-0.005450207504538418,0.15654908724602393,0.04955646350896099,0.2720964582868601,0.05500667101349941,0.24149034607974423,False
66,20260884,90,baae8d94986405e5a5a78c634de920ce81cc73a67a28663411558460f4f174fc,5,cf382a425d37aedf9e3f7027061a6b8dea726b9928e58c779c2f6a64fb179638,Elastic Net,0.21811859872162476,0.10681903732318711,0.4409815136377972,0.07915270318490296,0.2228629149161725,0.15748645353936416,False
67,20260885,90,7524967b1eb19b1cf6401aee7080e4bdf60ce4136f45c647bff9f222404139b7,5,b8994cc13438d18fb77d1b96072a6a2038a83e471103243ddf9a860bcc732410,Elastic Net,0.07260370206057824,0.11284669808672672,0.267556027600608,0.09367132736640836,0.1949523255400297,0.13400683554005446,True
68,20260886,90,d861d9958e827c3197677dd33d799c1a7f99af0af945b962e5704d7a9c1d67b2,5,1cae98b49c417b8a44a68d22938e5349ead05844e3c9d26c0042faf1eb241966,Elastic Net,0.04259445367136527,0.15749567978990306,0.11287483274039856,0.21418799063429605,0.07028037906903328,0.09655907605443645,False
69,20260887,90,58b3101500b96f1c91dd31f0c409ec83177ebe78297d7997bbfe42beee9bb101,5,bc5dd752ae18c3f8353da1abc2874eb3c498464a691326d200a72fc75f5bc8be,Elastic Net,0.16633840628971158,0.12442702564054225,0.2660889542758703,0.12686191737782826,0.09975054798615875,0.08074329090589032,False
70,20260888,90,cf613f0eb15aefb75dd78dc8991214d0a14b4d40d5c445608b3bdc1a5eb8ff05,5,a8c539facbabe8de71e9ae118c3c2ccf449e94624a5397d84939e72bb79cb9fe,Elastic Net,0.24665503071872114,0.10064109491673608,0.47627131757567576,0.09223570705423013,0.2296162868569546,0.1650898446520981,True
71,20260889,90,6a114dab031305d45bdda4e8a68182e0cb75dc40e3ebe9b6b01e2d0a944fa76a,5,a13a26278472e60e112ceb032a349ea37dde2eddc826b29d471a0d700d19e600,Elastic Net,-0.03179800544111984,0.4143402527325322,0.08265967280268564,0.4893609743024162,0.11445767824380548,0.1281911170626989,False
72,20260890,90,4c40d32166c2cbed710789ebc01f69173b2a8aef2bd9f3779eae8735bfa24bbb,5,0d8cc51bea9f9dcbc633ddb683224107ea7dc96984dbe4e890609de9d79a48af,Elastic Net,0.26508620479426587,0.11403867657995537,0.26820412063172616,0.22671452603122255,0.003117915837460283,0.15937259819807867,False
73,20260891,90,10bdf96b446a23fe81b56ff59cf97530733bc75287d7d8034b663bc05933fe4b,5,da2a6e142cdbabeef23fde7d59437bbf3cb5941c5306e2044a970473894d9fbd,Elastic Net,0.1678072074743303,0.16152927769860012,0.33401306942650566,0.1433493994892722,0.16620586195217532,0.08489042795477669,True
74,20260892,90,18db2f682f0cbff8ab2036c8404793a56beaec96be5e4daaa44150b6fd9872ea,5,860b18b1ada5941642348a1ea42f2833564c47d1aa7a6e29236c3352643e7717,Elastic Net,0.2263684710742741,0.06912033000749794,0.31264194195572637,0.17533927660762338,0.08627347088145225,0.14880185798765241,False
75,20260893,90,84e483397597ba89b7ab09b15c0f522cc448831c4848344239b1e4db94a6c04e,5,cb573ade16887a7be904407bdd28b5016ea44206bb0d3d368e311f48f4108a30,Elastic Net,0.1705915898296087,0.1346673068171907,0.2326132180842077,0.2383768567478749,0.062021628254599004,0.18015454177196033,False
76,20260894,90,1eab4fff7fba4ac3d03ed4e9003e560f1c30e144baabdef6a4d541de2689b181,5,2ba7995605665871113203def08a72ba746f46e3cbac07497f9a2a45faa239f0,Elastic Net,0.13587721569090755,0.064788895459097,0.23933856080969332,0.03151670803786201,0.10346134511878576,0.06746771456816544,True
77,20260895,90,fb97f058b6683693ca4c041b50d6aeb07359092f738f661cf7a0144c0cac5446,5,65fa4d40ed138c8ecf300aaaf3914d50a30121756819941abf5682257aea2c06,Elastic Net,0.023963078918009216,0.2560123062324489,0.11856969142118798,0.2438351547367716,0.09460661250317877,0.09821761242375238,False
78,20260896,90,c5de774b483bc94993485fe3716d5c8910eee7bfa02581b6ccb995a695fcd9a4,5,256f060278694b7efa6a2203c7fc671928b4c8e589386ec6dc248b0674469146,Elastic Net,0.1954933096840251,0.2166959489267748,0.25165202271207854,0.23823780710806342,0.05615871302805344,0.1101954166241037,False
79,20260897,90,3a325427ba26f4f796674d8e97f3a47f4cd3f36caaa99c64b39b49d2536c4a82,5,6d9f7454980588b88358357ae8589d7eeba2c82c6620f0b4d8f3d538e9e3ebe9,Elastic Net,0.1231637038845681,0.18163292122027466,0.24278368247260412,0.12491034687293334,0.11961997858803604,0.11144183060686289,False
80,20260898,90,d26a64cf0d3b313aa17f403c3b9321c3b4576e6c2e7cbcbfdb7a5a875aebc4fe,5,c8bb1b810cff24ed3ee6fa164e94c0aaf3e9861b39d41109ee4f8771dcf3be77,Elastic Net,0.030997158295979644,0.13668907964575805,0.14194748200698154,0.1781605242619512,0.11095032371100191,0.06441137550649811,True
81,20260899,90,402b84035242e7c38b8b963a379ff441b44711750fc6e1e6a6e692bd965cd897,5,197852861111ae3a4c03a1e28f06c2be1426da224eba005ba4aa5fb1232a1ec1,Elastic Net,0.10313136097021883,0.1717726244901885,0.17191008471201902,0.2503550564813163,0.0687787237418002,0.10640263844475527,False
82,20260900,90,1a2b13951d7352436ee79e78b23f12606f6d97c5bbcd364ffd6ab0f36db9fa7f,5,8a9d9e4eeb2e609dd68d99958bc40ba89c14c4e0ef7ade27c642a4ccb04df9f4,Elastic Net,0.2368168277600838,0.055612190197674355,0.501201621674147,0.09003905356318033,0.2643847939140631,0.07645903436845085,True
83,20260901,90,fa3786bade8bc9179fd064529aaa24f5d25f7d58977b603fd9d66ab07680dead,5,2117ec492f53ad27e887657f010454ec93d45ca2cc498de9e0977f5d290ade6d,Elastic Net,0.07521496097582456,0.10575351316410739,0.225855847080822,0.2033827584488035,0.15064088610499746,0.11046069762257052,False
84,20260902,90,ad248dcf8467860fff33dd2262b69d99166dda0db6eb9f7810d21ba3d4695c76,5,7bc671d2c5445fbe320a2692a4cac5b1cb3ede190c3db4a5d6b809382de070da,Elastic Net,0.01595095968254572,0.29142522194723836,0.19994534100376624,0.1366470712673645,0.18399438132122053,0.1631328012124489,False
85,20260903,90,04e123ef085ff403c105dbb328d070f369c921e3771eeefde00845bf31261271,5,f84ed312b91b6e9e98bffddc4638dd8f792db9bf9d71463a875bc70b8f567c9e,Elastic Net,0.14352277961957083,0.05726713761917778,0.19293710993439775,0.12120327253418196,0.049414330314826914,0.11915781037568285,False
86,20260904,90,7e58de3210fac8e2cdb7f90a6a279bad417fee7e553f82f4816c134c7c46ee29,5,878677ecaaa23a134d6f56a07fa3c08b3d775302dd041a7510697736380a6bed,Elastic Net,0.05930769559844431,0.2373037572269978,0.33324236696007564,0.09544440172452283,0.27393467136163135,0.180535960546556,True
87,20260905,90,b942ca0af8b992b4b148f484e92ff6c5068df59d939adf00dc64f874838e937f,5,30029172f5528bef800c92f59d0464fc18889672d18a39661a29d3f14a2ed44e,Elastic Net,0.17752663220280393,0.07955276972197,0.32073212038496424,0.10976906915906369,0.14320548818216033,0.07957013164295974,True
88,20260906,90,bf82071c79ced609f09532d6ae894842be7eb3fb41abd62780fa59c366dea47a,5,b785e5e33ab2088070d197ef2b2b9cd3ad15ef7f7f73edffee955110c23f92b0,Elastic Net,0.26173522403727334,0.08968903400135536,0.3968035920968604,0.13088815466053086,0.13506836805958708,0.08007627051795894,True
89,20260907,90,5598c2e1adafa13a53129a65a3825fef28529b41774223aa67143dd89ca09017,5,34067b5ed9a4d0441ffb8955c3fdaeea778b0280d61f2487a6d580484c612d43,Elastic Net,0.13602097771612712,0.10716168201369809,0.12643416821745695,0.24310296638325177,-0.009586809498670145,0.14717035031129394,False
90,20260908,90,05351c531c3f3e69766e94253d04f2e5eccd2b757622a000008179965a9c696e,5,c68bcc8e5146a03798ce604476aded35dd0311e5ce3d3c9c81c2b43261e178b4,Elastic Net,0.06074269374653814,0.19549543194410354,0.22960452071075763,0.2115976673839893,0.16886182696421947,0.09254446776273605,True
91,20260909,90,517761a717bc01f2749dd9c82c31b9d0ad3c29f8cebf4217b00464e9fc913ad9,5,6a6f7cc73cabe19ac577c6e35a7193a5bb795eee827bb8c6e229eeb4c59359e2,Elastic Net,0.018181271992966885,0.12879886753195047,0.2659393964530355,0.08925729873534273,0.24775812446006856,0.04575016100192097,True
92,20260910,90,ab6035c334e4996c4299f07cfda989ba50f3d2784249f6b1fd2c8685af5185e6,5,65d35d994c8e0c731636706154182575edebcc2f506f588b02046231f58141d0,Elastic Net,0.19385183016966293,0.08618630790416451,0.3864248561925815,0.0773067366113455,0.19257302602291854,0.07235951576375083,True
93,20260911,90,bce232783d51d2bcf7f71b1312ae714c3c83bf12522182499257db5fbcc75d8b,5,cec6c6a1031ba1f34584aebb3132ea065af4dfb6cf3a7056ce325a055591811a,Elastic Net,0.126263228055652,0.19756206297856005,0.25780451015660616,0.0971441077053407,0.1315412821009542,0.10108268351402858,True
94,20260912,90,de1aec172187ceaec9a949448e1df073cf36791e37800d2a3ab18ffe6c40ebc5,5,fdb6e117d663b2004739e3496112f0c765f1db1de984229ef18de96acabb2543,Elastic Net,-0.02688534939182634,0.45379943744134893,0.032564075613531605,0.4189249190387643,0.05944942500535795,0.09304484343987025,False
95,20260913,90,2261c0931be8b89662fb0faf0e2336ac6b1bf4f18cb37f6f5ea7e5d579c2a293,5,2ba31ff4ee915a7860a725611d8ffb0a2c65fb3a85d063f0d3a6f6fa3cbabb21,Elastic Net,0.22485974544102655,0.1646779332918909,0.2837555592661668,0.21506605904875145,0.05889581382514029,0.07442074661933192,False
96,20260914,90,7009c241880f3f66af69d1bd10bc1ded13cea97eda5ec6929ad589dde07bc137,5,ace2eba4ad7ab65a2bd5c672d842bfe0fbe8d3f3306c207a7fa0eac1a627b3c9,Elastic Net,0.14412623416198003,0.244249375385628,0.2765976904404156,0.29227413333603836,0.13247145627843554,0.0888290382497292,True
97,20260915,90,dfea593f128e49df4e84d878eb04351c77fd5dc7b76bc52fbbd3be08cd9023fc,5,7e1de18533a7d3a3aae7acbe99f4002c241a384ad93800ceeb46f20bedeba21a,Elastic Net,0.3106617203522824,0.11797481379267204,0.45277446842480806,0.07173759910856171,0.14211274807252572,0.07807996582742698,True
98,20260916,90,fdeed8ef685152ede2d4c924f3878fa2694fc13a26bdcea15e3dca4ffedba13e,5,e7d23b62e0701e6f289c45475197c0d64b86893423100316e8666f493fb13535,Elastic Net,0.23888904027005578,0.0890142267366013,0.3437794613475802,0.09510805249782359,0.10489042107752447,0.015151122896999634,True
99,20260917,90,98ff01fe1962ed815315c3f3d5948dece2630de1bfffaa3d0c0237b34974c265,5,c58d6bc6f1d8843838803645d9afb0b549b370f0d2c6224249ead81955ccd079,Elastic Net,0.07192335214114239,0.2040979431605521,0.27200677067401224,0.2643349530181778,0.20008341853286984,0.07036972259482058,True
100,20260918,90,76b1195e138d20657b17ca3804d895fc23134fbea9bca934b91d91de2b2d484e,5,75628e9e89f06a9741303e56071c7977e629a2dde10a86c3af353ecf37aec0a6,Elastic Net,0.18975786008572978,0.08412819218982466,0.36557604208431294,0.09063369988929104,0.1758181819985831,0.12032359565097862,True
101,20260919,90,e2a19cde56476dd9e53c271f7151cddce9c91dcb6ed2eb1fb75436f0ba96eb49,5,78bd72fbe8d8d67bf7cf326b6da1d8e73b8dde47b53357349a7126f9eece777b,Elastic Net,0.04257987255840721,0.16817298502191041,0.15259398054962933,0.174742266175546,0.11001410799122213,0.1231773497915368,False
102,20260920,90,665734e1e89d5b04c5cc58c641e87ec2fd03c159e14cd0a5d56c16de3a412615,5,894627a28fa3165a2e310ff3e72e8bd1a7ccc63d7c7961edca22cbdb0cbe5657,Elastic Net,0.06798047665244127,0.21306549951066023,0.1843256935875631,0.2530930839745303,0.11634521693512183,0.09774110908945066,False
103,20260921,90,4da14713cd7d064cfd93a2d867ec12f29c143ed9a42d52ee595d2c5705240a6e,5,57ea7f5d15f19592c68d94f4069d0133d2a7faa8407d2b005e0a0fb16ca16d1a,Elastic Net,0.0861415565384341,0.18915434603326844,0.16627334694226029,0.2782681494836778,0.08013179040382619,0.12760854815092393,False
104,20260922,90,b9acff12338792f0643cbe369cc5d0df8b79bc20bce488fe5f879123ff229783,5,5cd0b80e568796bafa70b525bace2cd681ac24514af83b543036fb344fbc4a49,Elastic Net,-0.0004537675894090709,0.21061209576631426,0.21585780662952328,0.19041551047136127,0.21631157421893238,0.06256793369544128,True
105,20260923,90,30f35f81ed8c9c9f22825298ac4723886e0491432a0dffbdef46b9b9da57bdcb,5,275786b7974ccb218d4351cd2afbedc2213eda66a4deba1fe2305ef3f3173c06,Elastic Net,0.0857082056183623,0.22810191544837294,0.2571201705182679,0.26562734929354825,0.17141196489990557,0.22163735817627706,False
106,20260924,90,585ab1a93a3f149c7e95f8a8e05a3ac9ba00f19d6f2c858d290f74d6ff1a08aa,5,2e1935bfd7dcdf1ef4b60d4b9ec54137c94dfb333b32d48c9fb44e45c32c7737,Elastic Net,0.3074858194375225,0.19872967603623692,0.3961432061135886,0.13863985523023922,0.08865738667606608,0.16956319866636943,False
107,20260925,90,1516934053dfee1da23341c717a8de370edad5587112930a3df6fe9f18a8d725,5,c432c537f9c7e5e628e602c087e5179fdddf8f4f0490c504a42bbed1a9655b16,Elastic Net,0.1470784197364199,0.11879925692553682,0.32511013950416656,0.07666382777408409,0.17803171976774662,0.0929786839373691,True
108,20260926,90,266d11b6cf14196f4ce8fe05b546eb13ffa111ce5fe1a7303e0be08c353173f8,5,86cc696a671437200111e462a50638124f9e6a8ec7e5c55d568da47fce2f5c69,Elastic Net,0.1124305606167267,0.17570642821643842,0.199674290894232,0.154536008891362,0.08724373027750529,0.05505916390307665,True
109,20260927,90,a3bc8b42f0c131a1962044c62c83516cb74962bbe1cfda4ab036473478eeb67f,5,59ba80f3f2ca90c62dd539f3123f1242ea3da8b1708a7a2348e92f03c565e5b6,Elastic Net,0.11976951455242577,0.10295246826302404,0.3634111496741917,0.10892360880075118,0.24364163512176593,0.02247632127756524,True
110,20260928,90,e2dcf34b35bf19ff0b27a07e5600869d916ec7bc0d2d7233f8df6ba691e5f0d5,5,8d99100f574f6d6fd4692327d4bca49b68568c6c1411c4208dc2895e5720f570,Elastic Net,0.32183637579487173,0.1977945493045324,0.3700594405135188,0.11590701790159237,0.04822306471864708,0.11180365743563661,False
111,20260929,90,742a0bc95266b25bf01a9c94ea949e7f800e029295d18d12a0c06e4e3774a2f9,5,32183c54ee956fa042bb692bbb061830ac071631af4e7c5463816d3775a0deca,Elastic Net,-0.012047835354346236,0.22252143027504295,0.26699595018898326,0.18569938655862825,0.2790437855433295,0.059282447702099846,True
112,20260930,90,6da3c83f80f1fbcfba52a5c3ce19561d5fb4ff421da90b39e5e129067f545ada,5,ccf4b369cb5ba89aa56d0b41a70582f6b9f98d5c993796ffaa0126efb59d988a,Elastic Net,0.2210978553044411,0.18345182105333388,0.3863297505263884,0.1517868494915275,0.16523189522194726,0.08737979045475715,True
113,20260931,90,7b0ebda69afa0cb18c28d563761a0a39dc5da91dc63034cf9d25d29733c773fe,5,831a4c0795bcf0dfaf8e941eeaf8cb95e6a2a0690c952e486c9154c14338234f,Elastic Net,0.3056353868817313,0.09402306171649837,0.49360374727228623,0.07303170048129029,0.187968360390555,0.08477878948919303,True
114,20260932,90,98784f02a65ff479b3f5c4e5bc926de811547d9eaea2ac164989b7869e972639,5,fc695f5f7c148f601e2d4edb1cd2a535158fb9a0b2b4d6bbe10689706bd94716,Elastic Net,0.28399572829410347,0.1369796748588945,0.4619272335656889,0.07182416800440021,0.1779315052715854,0.11943272890933818,False
115,20260933,90,2dfa083397bbab3299065cf006c95efb85f2a344000cd397164957daece26029,5,8e684ec2a1db18b6aee2a13aa4befd0059e9323b053830c00d4e8745fca42f00,Elastic Net,0.23677698695802837,0.16378147663973336,0.28639492055751253,0.2763717091909984,0.04961793359948412,0.22512905656986415,False
116,20260934,90,14e1ad4ec2551ca8c97ef61d73014eb320a86df6f7853abc9d2a08f0e988d257,5,13516c793f7c9b9f97a995bbc1f69541be220119cd745821cc23d990d83c9a20,Elastic Net,0.09659404876174602,0.11500914319513457,0.24385662627137022,0.16574347282953383,0.1472625775096242,0.10189976468751122,False
117,20260935,90,5fb294e008fa5a79e3f1335f6e3868c6a78590ba31b593a45284349c0a72fea3,5,e743e317e96816dd2e754a3c9c4b17794090e9f564cc93d20ca8c9d000059fa3,Elastic Net,0.11377532608401472,0.1266380254116226,0.24363913915962615,0.21102094769147745,0.12986381307561146,0.11240138803951004,False
118,20260936,90,f0d3acd2e7f177dfa84c85dff3b0688ec405169e3ec8405e7f6c7c4bec0b934a,5,08a4df896e4d497dd0051c7f28832d7f797b203d4bae7a040d6a78a53164ce80,Elastic Net,0.14521826460333892,0.052540553540861144,0.34359283931531726,0.09615459216711432,0.1983745747119784,0.06628366638480931,True
119,20260937,90,5519e0fac3b6d852cc2e182d6325d2b1e5d5881ce67382f01299af74c14cd7a5,5,79b9e1bbd0c299316e898782129ac4ecc549b76f495911e2007f7eb698a4d823,Elastic Net,0.05575397254736507,0.301877003959774,0.19842550465524209,0.20612900137429493,0.14267153210787703,0.17966030335569735,False
120,20260938,90,aa721d248eba4846c4eda6578bc543230168530091f6f5817d272fcbf36cd391,5,b80aa243e524e120991ac79cb0b6c47a1922b59a22f85a3a9edc04a5a358d1d8,Elastic Net,0.1811760685461237,0.1608878090924013,0.23855489728663598,0.12123704200035566,0.057378828740512276,0.17675190355838638,False
121,20260939,90,62cc2cf54aa06a07761ee950d73bccd5fcf41567ad61b29ffebc20749235d228,5,ec4c9cedf67a0d12128b0c7292b5a27e418b197a494cd3208e855de5216b23b7,Elastic Net,-0.1778196400675724,0.4159601992940604,0.11363738585454139,0.3944733671734857,0.2914570259221138,0.07482367017927676,True
122,20260940,90,b352d9102445477ec7a9ede9b52a634f432286db6367e6ad75c49ff6a3aaef34,5,8fd5d8a728b5784e54a8f4ffa1c994a0e45be3f565526bd8e3f363b178324c63,Elastic Net,0.10302947167720015,0.11690110689208885,0.21126327349905522,0.06735599860045333,0.10823380182185505,0.05284626920967426,True
123,20260941,90,f06941e3486c4448d5ed01e780cae20d9d0712aaa62718eadd7ba25a8d68d400,5,c5cb79793c2f128aa00e98951d12927fd02eb62500f5626777a02c3ca01b8e62,Elastic Net,0.1429651475080765,0.1660103348251808,0.3085229827635782,0.13487561756717956,0.1655578352555017,0.06421973416129118,True
124,20260942,90,a5be6f08ffc963e86763daa6f7a306bbafd918881667c673620f820e41a78a5e,5,23b948e8288b47432072d8ccb0ab0e7c1a0cd6340899c9402e4c39c259fa192e,Elastic Net,-0.03811450996851664,0.15678456303188065,0.07138983458494656,0.11541556886238881,0.10950434455346321,0.042118883679354575,True
125,20260943,90,641f036365e93a78a22118e996b720a5661c11732190bdff15f6360145746c10,5,9b42f316a7d820222adf6dd9f3ce25ba96a5e6f1d026aae243b4c28670bc88fa,Elastic Net,0.01624762241659563,0.26556611210956144,0.18728431864365108,0.316436266911055,0.17103669622705547,0.06149607330000543,True
126,20260944,90,bdb7dc1de64534f81ee58790a0b0ea9ddbee653d9b3d37bab4bb57366b6073fb,5,2841945bce508b295819434cef3a661e1665ef93696beb7f3035dbfbf08d8faa,Elastic Net,0.15445681930570254,0.17277636738919117,0.30259980335310815,0.21939011005958522,0.14814298404740558,0.04873367047954306,True
127,20260945,90,86bf9842dcf52717b290174a9724fad71cb40e2d990b3db4b0e1bbaf9ba579b4,5,26c22e23761563cda40ca166d8159c2a720a1c1af83add299b9a36431f906db9,Elastic Net,0.3337721457038404,0.06260765602001353,0.3514239416603796,0.19029854438212207,0.017651795956539162,0.18847603848619482,False
128,20260946,90,62f5ad2a8237859453ee198ede59c0932d0130fe7dcd78ba3164b68a0e05b875,5,d50c2cd78ed6a0f10a7bfab3fb78d02b43c3fc0ba0831b6f255f874f291b4400,Elastic Net,0.10967617881055639,0.1037473464247473,0.22265922967591956,0.11487101406197596,0.11298305086536317,0.19602435780352995,False
129,20260947,90,daa9888ac61cfabbf9fc331f9e825e65972b9eead9c5e440663a85a32d21c1f8,5,9ad2beab7b3036465874b721b4f5bf9084e6aae27837ff6dd79d58abbdab0fa6,Elastic Net,0.06797436528775005,0.08427124762766897,0.1937243149030033,0.12888142643017556,0.12574994961525326,0.05360287568098944,True
130,20260948,90,33dcf92071d731e0af8574cc236755b64a27bba9fafee79ab7a8c809594feb10,5,5e98febc6fbacef540f302b4567ce0c6f7dead0d105426c3d81ff7f19ada04ec,Elastic Net,0.03061367540578839,0.12157971539634574,0.0599770422941891,0.10236921160424933,0.02936336688840071,0.034573148673608146,False
131,20260949,90,be0559c31ce15b6f75458a464be91379ae3a172be4aaeaa8a5ede37262ba1ec2,5,b2c5d53495951298f783471b553edc6871414f52e5fa80a4bcb75720dd7fc896,Elastic Net,0.09846381458114362,0.04459314467447565,0.3085976881947969,0.0735441878804793,0.21013387361365324,0.04242851082501098,True
132,20260950,90,346bea208b79508995b49282662a0cde1bf8cdfddc2a8ef1763e31f555b1ef7d,5,8002c4efba7d733ba716f2971239a13348f36917adc3463161cd31e095e61ed6,Elastic Net,-0.014882346847499317,0.4125032513652818,0.2630904208453786,0.20997454933754148,0.27797276769287793,0.21816805461506827,True
133,20260951,90,9c50f717586caf208771109bd64a3c34c71de6dffc8d28547c6e525a2c3b2cb8,5,7db982ce301896d8bae00f953d25672dfe2e981945bc3ba417eb2fac9c6467d1,Elastic Net,0.15634361157817464,0.17333958157223794,0.3468156646297,0.09543228939625006,0.19047205305152534,0.1500424516928137,False
134,20260952,90,7484c277436dcad63e3a1403a3bf449b23cd04a4e6dbff707f81950199a813cc,5,42778ee829b9c2e7c74042282aae7d7527cf15b95e50679d15437bcfcd14d2c0,Elastic Net,0.1284731059689208,0.17488478545236186,0.3069969488037674,0.13997310395685,0.17852384283484654,0.06354454978945576,True
135,20260953,90,b9531b316fc704e9994387e9b868c6a25f19d06874e4c0345027d8d77f2d7dc7,5,e0d3a5925ccdf583feea3815c797617d615c970bb3ae3fd1d9b1032578ae1bc6,Elastic Net,0.0627299933892393,0.24091453600448465,0.1237405871794361,0.20506527860782553,0.0610105937901968,0.2630289299472317,False
136,20260954,90,2d0b894f251024695350e4816b6e515e05d80e9d503602c8086a8261c8ac3cfc,5,e3107b553b2675bff3b03f7bf38c8f92e91f526245fad2987329e2b0d21849b1,Elastic Net,0.23089775539852214,0.10794763532482379,0.4124981328846841,0.1505855611657324,0.18160037748616195,0.08869934321366874,True
137,20260955,90,722f039b80d7f26cb65638da22bd41ac9aff00588721a6d20da5afe47cebc1e1,5,b303ee698fcd3ba464b42b45b7e51e5f553ca039e0d6394a04ceb4f6609aa370,Elastic Net,-0.04856121063909415,0.22795696886837663,0.10323906353064619,0.2690872199670982,0.15180027416974035,0.06695916540379801,True
138,20260956,90,47049bd03f3a3e7f9c27599e6ab2a3a476c1c878f0e503987516b114e2776b91,5,b94e61eae5522aad5afd78e9277b7f82d5776b8ab91f0cd57ac36b966bb27849,Elastic Net,0.2766024865445614,0.10621618946413276,0.3388828702358813,0.09956254631901305,0.06228038369132001,0.11524398442072926,False
139,20260957,90,00d78ef21544f8feaeb8f1b44c3b8d3250da812a96941daa1da8d36f4f0a7467,5,64c7ace8ec5c521db5e801442716f6828200e9004a388676d20090f840ea1164,Elastic Net,0.16304950234308252,0.13396497461053566,0.34942020202836604,0.10231562461525903,0.18637069968528358,0.10157608801932236,True
140,20260958,90,a879e773c1f2d59e9e4cc63b2c2b9ff3745a56364bc4f42aee84aa8e908e694a,5,4900fd450c3c6473d430ba4a03bf5d7bd7f0c25038cc1d3ad02de30d85127082,Elastic Net,0.2029516091969521,0.098476307431954,0.3456045224807242,0.10335483340799385,0.1426529132837721,0.07241793609658537,True
141,20260959,90,e0c428e7c0de63ce9fd8d8cb0b34447407ccc8620e5795b314660e5d36cedfb6,5,dcd615557a8604e507b3908660285671f368ccb4de3840d8ea2c5ca8f10864f7,Elastic Net,0.2509235174113068,0.2013881690146883,0.33727084495905424,0.0648106749356873,0.0863473275477475,0.2558994072181354,False
142,20260960,90,dfed654b7b2ab3150ea4c58212f803b34cb81e39c54b6ed243e5eb23c9d73e19,5,b72a3a1fc09688cd6e66e5dbab8e964ed93a0f4a6f0a5a5a6820f56b26361451,Elastic Net,0.07663217709723354,0.20830655179270868,0.2624090639821174,0.20457780322837274,0.1857768868848838,0.04977808445560232,True
143,20260961,90,52e6ac2f9c38b37786f517b3694e47c50457a7c7566e983750f16d114f8d829d,5,cc3d703c2263417a45c7536ff057da64af0ac552985fc343f07a2bb2a5c2dff5,Elastic Net,0.3029957798260413,0.08468725644142537,0.3398238700577427,0.1208738474666577,0.036828090231701485,0.11636500790609569,False
144,20260962,90,9649bf53e8ca1b1583cd0e00d4c9512b632b7e9f09da154d73b3e9fe1a94057c,5,a5cc013df2b93790c2ec5d0099b9775ab7a8e254ca79d9ccf5f292b4a36171c7,Elastic Net,0.20555964547064692,0.29424452617740393,0.41969812967188885,0.22998363707309874,0.21413848420124193,0.06891608994099668,True
145,20260963,90,ab3e022206c03762a35caff66d0705d508f69da3bf9f2c44a3106ee19ba27ab6,5,85566cea3742cb14cb5c87e7acbfd21dcb416ffeeb4fddb1af9260bd02e93dcd,Elastic Net,0.2165076133546508,0.12034463645606192,0.31952417236653863,0.15025008180908742,0.1030165590118878,0.06823090230537829,False
146,20260964,90,11b4e38555176dd1d1048bb7e3c3788512887576be4c5c28ee75452c9ee5b94c,5,e2ea4ad393bd066964173b2ddbfd5298cad78cff83394a1552e61a66b6a5537c,Elastic Net,0.04437889522302909,0.15685023850527907,0.2294686639783477,0.15270810535376486,0.1850897687553186,0.048013928262654514,True
147,20260965,90,e9225f9191d77eb13056c6838f20caf83c4cf658bf0ac9d15889d121da74733c,5,5bcfb6dd394fbb910cc4473aed09015d77c87b014b066e2c06f28a36ccd758a8,Elastic Net,0.12285084969722956,0.18339375746353687,0.372692193916742,0.07379583879329606,0.24984134421951248,0.14456885627510518,True
148,20260966,90,72544dff1bdc6e7f784b38dd8ad2d4372136fe2c57484244b74b5de407e2a16a,5,a78dc674a48af0b1f2c6d079f260c8cc6fc0bdec4734c7545cd14769c1ef0c06,Elastic Net,0.1335658826334149,0.3455966145631187,0.21799836562009461,0.3844918304612037,0.08443248298667974,0.07571063055598214,True
149,20260967,90,4a3b467d77aa7c1a609d40ba8fa9705280a0b0c51279d33a543ae275f4434fb4,5,c340879225033790a0848a3b96390883cc4248d650099fece37b366d5e37f496,Elastic Net,0.16432288008912915,0.2064009199040364,0.2558244770229595,0.1854545931062426,0.09150159693383039,0.1224277352076842,False
150,20260968,90,7bd638859e7f8379cb4b64ccf23353d04f7deb37f036739357e8005667e59aea,5,cbc3c004a904ad4e1394abacf528e7f8ea210171afebbb977466ec6f9b85f166,Elastic Net,0.1867321957971632,0.23628531351506588,0.4217788371225996,0.14795279632350516,0.23504664132543646,0.10409307824643164,True
151,20260969,90,e98b0b3e9e64987d6f81eeba40cf2d9eb89a40c12c9b5972ba73945a57a713ea,5,0dfbf6917ec9c4c819d9fb66be6f92f05750b5c54b60563c5eab59639221df48,Elastic Net,0.1875805656220735,0.09845632153204646,0.3684619186759354,0.09282071420872332,0.1808813530538619,0.08263750632982757,True
152,20260970,90,3a1b92ec0dafd1fa20d52930a4f35b652a71efa91fd82e5725f861a475842973,5,b558840a7bcea20978f3db4f4b74aca7c02db8448942744dfe032d47820d7eb4,Elastic Net,0.25763381263115825,0.10440620195569018,0.3396783629474923,0.15109995035292134,0.08204455031633402,0.11159731434025193,False
153,20260971,90,73202e7959bbc8609abe55978ef2d7ce02db3779bce9636a6029d90ddc413a48,5,97d5d3648e5ab4f204e28740e7b5be309d7534680cbc4c74c1914fb3029695e5,Elastic Net,0.06779333686725726,0.2285564578166017,0.21777953108551146,0.23151170692688258,0.14998619421825418,0.03778117351420294,True
154,20260972,90,ffd61b3fec85addcde8dbb45167327ace2b83bdeaead682fbda6e305363c4133,5,e503872dcea9dda07ee33535f4c089dc4372f1374cc7f812e0d91cf299935c85,Elastic Net,0.05395689037424449,0.12151375037459185,0.265717978425276,0.053363451258872145,0.21176108805103153,0.13967734120393446,True
155,20260973,90,1868851f56f6fc5d725f338611d5529a263323c82bfdeac5f985117285c1e189,5,3c4c80046863035c4ba02cfd851ecb00806ae1f6f904de5b48a8614c720a2b62,Elastic Net,0.01704975450357784,0.10815460610030293,0.23961303308641985,0.07094173168887007,0.22256327858284203,0.045425861959532965,True
156,20260974,90,d6d37d4eb9289aca82ebda7a6a30a09961f39c9589fa83bf4d2131f857209b93,5,3b5eefef7483761ec21763325d63949c3e0bd450bdf8befa77eb6f574e873988,Elastic Net,0.3509055584824943,0.10729957874959643,0.403731052040704,0.10300060980962539,0.05282549355820967,0.0363331170020901,True
157,20260975,90,fd2576abd4974f6b0d4c87bd423ad23d06ee1dae429a4c0151ef81574a062381,5,033badc5fb975967ccad65f0f7b863acc7be076885484f2be52dcc4ec2ff4c3c,Elastic Net,0.26060165893926523,0.23720509463742193,0.26657608010943246,0.182553857477412,0.005974421170167244,0.2297988065507285,False
158,20260976,90,2b3778539e0bfc13eac4694ba01c348e4bdd7c00eb79ab8b8e9e1d333a7cb7cb,5,84bc9ce53ddd3e8d748e0255205022bf1fab258ccd8840cfed0ee71c9e444d9f,Elastic Net,0.1296802265806938,0.1166485953654904,0.1930072042573694,0.08721882243173029,0.06332697767667558,0.08831758495726727,False
159,20260977,90,8720d5af3a7ede8ac6fc1009f2bf32a42146d7c5e95604ee2775d6ab6fb8e817,5,ae1d02fec2816b8a501454cb3f0ea647025f57214602b10a936fc6eb96fabee9,Elastic Net,0.049360287010354886,0.1315366969726792,0.23822849900453819,0.1270452691163305,0.1888682119941833,0.10574546882552296,True
160,20260978,90,ad7b094f4879f49f7b0dfd4c4d197b23700e2351f0b8ab2fbdd40d4b79d55d0a,5,b0b901e2a06e36b8969c06013b7d586f0a121aef92a7604ffb675888ec29342c,Elastic Net,0.19367040694467796,0.10908539646353249,0.356393305089311,0.10715211715262964,0.16272289814463298,0.04547282270644347,True
161,20260979,90,8badb3677d7400ebbaf039123c5c184b49467dc370bed3061606e17ce11d9aa2,5,0c2b20d395205f4fef18b604dd23ffc15a23d8131032d03cd5cd9c6eeaac95b4,Elastic Net,0.24154823382286147,0.27418723790513466,0.2966268156367752,0.3099745085052683,0.055078581813913674,0.15180373989121418,False
162,20260980,90,87171be9760714011ce1c58dec0cc62e1c288a83fded495e6b5b508177661668,5,6b177df99ea33d546ec788bd0c47a5f331cee22c6fd0648b1676445e1699f1b3,Elastic Net,0.2741747249789117,0.09087686516006706,0.4164999993894041,0.11103634016188586,0.14232527441049228,0.05559372322651476,True
163,20260981,90,7cb056bf8522f8ce4d47bec4240f1cbf66416438f6619ff2dfac07658094e66b,5,5b30129153c744709457c93cfbed1b6b56f49801eb68c7a21c719ab480f6e1c1,Elastic Net,0.2685123772770961,0.06760974916941113,0.22897151534234314,0.33045184059058486,-0.039540861934752945,0.37080596276468625,False
164,20260982,90,bff3e1cbf7c5a95ed8a3a06d2924f41f96bde3e6cb3520542963300132f067c9,5,ba0ecc9c5fe1cae89fc417b4fd46ede9a82dbbb59359710c1be30a34ea18f56a,Elastic Net,0.1760870057126097,0.1332501060223403,0.17527809287812024,0.09835591592737189,-0.0008089128344894725,0.13614030465829083,False
165,20260983,90,e1cb40ce817d3cd6ed11b83bc122c11d38a566a4b450f3de55f404e51aa510c4,5,591f2454d4c4621b90d28ad8ec5f8e3629ddc0de1846087315588a0c44a2ce65,Elastic Net,0.08225129243891113,0.0823327871945971,0.21075323133862342,0.10153633771205774,0.1285019388997123,0.11263060665735965,False
166,20260984,90,a6b7d20a48d706d488bf555ca5f0b7b92bb274e7aeced26f4e5b60cbf717538b,5,ced4991acd5f2e99f0c1db62c17f80646600f90e592b8dd13a7f00014a8f86d3,Elastic Net,0.33740295004985554,0.06038897961205676,0.49729297754922863,0.08420257964109468,0.1598900274993731,0.05697692218313116,True
167,20260985,90,a7a4439883b4bbe7e6a28ba7c6554492856124128c3d12b731c12474050dec6a,5,63f33955ffa3945516701b5a3e957bddd6eeab8264201d3d0f17c2d063cce45a,Elastic Net,0.3202580544259174,0.03305349821121526,0.47698533949137023,0.12593708063936193,0.15672728506545275,0.132566608476832,False
168,20260986,90,6f2bc9ab0cc8240dc9e91e63421acc285c58ff2bb3ef02ff1e2c9c7c24708367,5,fe0dc49bf9aad2ff2cae806b0f65630ae8ec1a59ff7dc3af0d4e0fc8d8f7371a,Elastic Net,0.2681697009723861,0.07582619625646556,0.3840011328323817,0.21275461971040158,0.11583143185999552,0.15241035082078905,False
169,20260987,90,c86a77bd211ea425b5ea7a44cc35f919edfa5abf0ce6d67bcee92af520e44cc3,5,aca19ab955edeef06da2a30851fd5bc0ea8c609375235447c825a73219f3f85f,Elastic Net,0.3384551209837522,0.06453796617083964,0.4076305063986297,0.1288465145212034,0.06917538541487749,0.08739343319839564,False
170,20260988,90,c593f68cb03c6ba591a1b5201c450549558991cd0de61584d891b6f6c9c53686,5,0d75fe679d2b3c516190771c25431cb28a5310b35e48c9fb0706f12e84a9b20e,Elastic Net,-0.007370349100854568,0.29123143553583175,0.12613651550131322,0.32896111899432645,0.1335068646021678,0.09915668440886682,True
171,20260989,90,d2c70ba380ae2d76969e4b20ac99257415599e6e2fb1d0dce994662f181c9e9f,5,ab2efef4860aca497246f5560c2382b21c9328b4c908e0bcc1723d6d98e48a32,Elastic Net,0.12416552449308638,0.12355226960057702,0.29832208107736724,0.09190448592111221,0.17415655658428086,0.08706644564966301,True
172,20260990,90,f105fd21857816635cb9427477ed465f9cce640dda85a09037e02fb820f71775,5,a338a30673bd41b0fb7e685a35e6d58a48970b2835353577a33d5076146eab88,Elastic Net,0.07334567313503508,0.2698254757997374,0.2542290425994965,0.38781251257873367,0.18088336946446143,0.13843910609487745,False
173,20260991,90,8b4305f68f6b8110fb524062a412891497c70646b971b5d8d2a11ed24ebae9a9,5,1075f007f487d1b71c882a905d77a78543bf4e1e35669d84881ecbc6124617d3,Elastic Net,0.23055930541490238,0.10285117138071208,0.23480271261031915,0.060019783183898924,0.004243407195416738,0.06936974489440222,False
174,20260992,90,9db19f6a197720274f3840b3cea815a3312e51cfd5507837783ff63d5a7833cf,5,b5715613c21489b00f0e051312f33a6fd0cd1d75b0bf7129fbb362421c037a9d,Elastic Net,0.19193899106793463,0.18091592706765594,0.22419306980074954,0.1857837814107402,0.03225407873281492,0.04578833367369629,False
175,20260993,90,d10aa43de2d29731cdda72764a4251cd4177e169959a5bb468fbddff6fb6afa0,5,cb77c9639349f10068311de64edba197de053c9f2954e8810f58b0d81af7640d,Elastic Net,0.09622722439578488,0.17836513223034042,0.17775345223061917,0.1914032608253801,0.08152622783483428,0.1683577921801911,False
176,20260994,90,9ab45d0d318b11f4085423c82a3b3ce370733865ed5f470ff8bf709253c9678b,5,faf059412cfd8ca80eb8ccc81c658d626083db452e3695263acc4aa2c43404e4,Elastic Net,0.018619734112293694,0.3216874108730041,0.06080425897403423,0.33531828168866634,0.042184524861740534,0.05716886223229526,False
177,20260995,90,0d5d978bf6f3b6217a4c9bcf949bff160ed06020897139d7be464b1963339751,5,de6e92c94e21e06b40d2b3cca7ed2ac9b351d27f1481189a6cc7e60defa8399e,Elastic Net,0.2654675534590343,0.11077888592713374,0.45923696749184445,0.11589266463620876,0.19376941403281017,0.08795054894392394,True
178,20260996,90,9b5480905add6b8d085bf6327fbb286d9065a39682607206cc50cc14bc224d40,5,114fcc13d1f098f8429786034c6946aa6410bd36b389670c36bb0d010563c3bd,Elastic Net,0.20638999887874004,0.1127246849509732,0.345817881974099,0.10141198584897174,0.13942788309535897,0.06924584342753232,True
179,20260997,90,f44b4bc47c45cde2fa0e210cc6b19d31a672f224b0a5b4cdf1b8398efee7024e,5,b10f6c96b2f0778378e87e2d386911dc821d159ca5793153533de8687969d086,Elastic Net,0.13832969362437308,0.05105478203349669,0.2172408510310273,0.16661704158266977,0.07891115740665422,0.137072407391266,False
180,20260998,90,e4077d20f0139aa95e871102110d52694247e8f36e36bb449ea3c5d11389053b,5,8e1b83221a33700f16635cf86d38e6230923da374a767310c57c5c76b9392341,Elastic Net,0.07082233320536915,0.3074682510056254,0.2561523525142528,0.17229494759894487,0.18533001930888363,0.1468316458837622,True
181,20260999,90,2423f2cb62fe45a11bd65a499501865222fd55e4e508a61e85be3c51bcf00923,5,1d0685332be4ea7e0324ea66e015ceeae4eedb2d96f66236d4503fc85664e5fc,Elastic Net,0.2591487207505482,0.15636924178881093,0.4210003668520699,0.1815912647804701,0.16185164610152164,0.1361718271017018,False
182,20261000,90,44427a9a5dddb6cb706b09cbc48640149b4aba2c5fde157ad1047155a24af829,5,0445426910b6b31cf6a2df7e58ab27a9592515aae7eb1f947bcac7f3b496a0cd,Elastic Net,0.10800204079956573,0.12380968713798478,0.10987969353818765,0.1252044949716392,0.0018776527386219267,0.10127264343335839,False
183,20261001,90,691a5875a17d39da56e1e26c61809f27bbbbb502c2451f13b39015517343b6cb,5,808b1862ab349c01264c34f7b8047914eea0d5d981f0dad6a55693078f18cc61,Elastic Net,0.14925116062162305,0.16571056500243098,0.13876423329415702,0.35650523118556265,-0.010486927327466034,0.22271608155833647,False
184,20261002,90,05f9fdeb54537d6507fd9e96ac146e776139d0c50cd0357b19f958d0827f331e,5,02abecb5296394682865ff2c8349b6a2a694cb3e4c9ecd4e16dfa0ef7a817d0b,Elastic Net,0.17801797003922518,0.1423521418897987,0.24585015140131414,0.2403554170010497,0.06783218136208902,0.14192004475935924,False
185,20261003,90,051c0808b6cb8276211048da0848720976224763b35cee00be9936c7a27d42c8,5,13efff8622d7c1baa1e1eae88fd0c007df520d56fff72071a4683037e8eadab4,Elastic Net,-0.03427938257366405,0.12734183508252928,-0.02074361481978886,0.36784524796991497,0.013535767753875194,0.2636050730543212,False
186,20261004,90,611f1811565829b690ee8ab855744e184ae9a8467781dcce73a83e2123257c36,5,229115a3dd4ddd5000e5cd31cc53cfed5ab064ac6a2d11d3132440f4da7002a1,Elastic Net,0.08789060711000145,0.1298882739249954,0.12263624971096701,0.19919111099859071,0.034745642600965555,0.10435323200467579,False
187,20261005,90,b327ef0e005bcdd76fccb992081d587dca1153a90dc8bface512b40f66f23310,5,efeb655a36e5c480b2aa1125abf65d837495ac115143e40805f9d8b94146698f,Elastic Net,0.023090333412302176,0.14808826427394606,0.24596785642416932,0.18882940051049663,0.22287752301186714,0.11873143417419288,True
188,20261006,90,f3b86912ad329b7f46dcb959375508b793b803866d921d882901d7fc5a5be598,5,722eac715489c409b9552740e22fa183fcb570ce092d1dae002ac9fa8df4a334,Elastic Net,0.04363378633713264,0.24214091773314544,0.2766151189409993,0.20596609102121763,0.2329813326038667,0.06487013542490734,True
189,20261007,90,f03804879d7d080b081bcc763d3a4b4f001a35034b33798aab034444bfeccdff,5,43d397369b3bfef93baea297e7a7e91de09e85df23e82c392f1eccc4154e104a,Elastic Net,0.08221469408781737,0.11517021004981154,0.16597806186747072,0.28200582325822726,0.08376336777965336,0.2408359771138011,False
190,20261008,90,73ac8062c32c6911fd0defe03ef3b17450d82987eb5969e6161b5198c75e9c19,5,de299b38eaf29f9aedde23db3199fdb769df7ce270fd53e76b092f0f1e715f94,Elastic Net,0.12056801221536351,0.11519601877464995,0.2480768204616377,0.20424224639622604,0.1275088082462742,0.10719756751266306,False
191,20261009,90,0d5f402252a008767674551fceaa444b8282985d8af1143804f162c12fa0d309,5,6838f3d6e9f89af67fe23b3b2059bb7cb3951101ef3709f13846affbba9860bf,Elastic Net,0.09610120682620667,0.14838114937410746,0.19640618879507485,0.1722575656777312,0.1003049819688682,0.02947691844669616,True
192,20261010,90,adba72dccf4fcfb97652eaa87780c5f66039d2ed416212eb427b96ec8081e528,5,bc65237b5a45468ed44922282c062e258ccf202dbb456b0e858b3c2534638943,Elastic Net,-0.17757697236954734,0.4817569436669291,-0.08011001826996729,0.5046085089135883,0.09746695409958006,0.08259942150528851,True
193,20261011,90,b9da4aaa5617fe745ef01618dbd137ea8f8b8961afaf8ce3a4f5c985a89a3810,5,a05815d7f3a4da013bfa649c9c491ca1c6e15dde70df8e0f8b9d4f21f607ab96,Elastic Net,0.0375838813038412,0.0777537377579107,0.1138942165736733,0.1512420596120624,0.07631033526983208,0.08018565123811278,True
194,20261012,90,f17e49c7d40b6f4ec6125ef0a1cd7880fc3b46296c7821a8c44651214d4a5767,5,462d4d5f5cebd8d3c8cdd3f9c9957e4b16e4d6d109d9174d8ca8dae056017600,Elastic Net,0.18060091819454313,0.12875676582774548,0.20466271906425235,0.16440934071496244,0.024061800869709216,0.053627190718630036,False
195,20261013,90,e804f467b10582713f508c4eef4d04bd85f9a6f0a73476f0ae625a822f6ecdd7,5,afd1b6cc38cb2938532a0dd87fbbb0d1d9afbb17fec3c5e9ad41f4eaf42dec19,Elastic Net,0.25631691197950596,0.07867492023716051,0.15110197517770224,0.28994914674492933,-0.10521493680180372,0.32567008977064926,False
196,20261014,90,e89f1a8d700a00fd7de43367a600e287f2bc01c7afdcbe28ed280da02b4d0c4c,5,12390923a16c14c68445e1f3b01cce86e77185e410b0e6ac03a4dc2ef129f011,Elastic Net,0.06055815141412106,0.32460856198834803,0.3637302723255024,0.27764341075014226,0.30317212091138135,0.08131345550972885,True
197,20261015,90,bd2caefae79c60567829307c8fc375fd7e8462dc30e9258d9d228f43d30f25a8,5,fe20477e5e299f9fb1de4ea3550f2921d901b12e26450469e141bf27205b9203,Elastic Net,0.14499738376833304,0.20313558790113817,0.26119360237717093,0.2666831987903571,0.11619621860883789,0.07413579040819457,False
198,20261016,90,a4e085b31bf14acd2be9f6fe752ef68391b449274fe82f2268e84a1909281cf8,5,1af4977752709882480e780b20ab5428c21739512f6e8433adb23ff4b79b5b5a,Elastic Net,0.07862342127510143,0.2382370576697124,0.19129246256850846,0.3134722941290326,0.11266904129340702,0.16143161552601618,False
199,20261017,90,bd0b128616f591c1a964a64855a3f870d8bc8b3e2e8b2855953bde3e02c83a25,5,fa66c592eb7203dba37be9b62571c7f8fd49b7b59567892a429640eb5de18b40,Elastic Net,0.26704763917568697,0.10749834990952195,0.3933872370289747,0.09121082137740681,0.1263395978532877,0.049445817558729496,True
200,20261018,90,0236233904a7be1284db6357c8714a146be8d148c064104e021480f633e1f561,5,173db5a5b56beeaa009e2407084e2dce2e7fdea3f93571b86310efd19c120c8d,Elastic Net,0.1423366853301092,0.13198161791603166,0.2367368806530119,0.17422235847523526,0.0944001953229027,0.05185892503480205,True
201,20261019,90,8a9f95f4e22017fa8c71ed1ed52fcc5fb0c77eabbc2ce11acda74818d8e6f712,5,92bf71ac14535f1e12454effbac282b18f8a08d66d7f1e9ec63e88ab14ed2aac,Elastic Net,0.07243630307240287,0.17998720425758738,0.2306693933688464,0.22605576396455773,0.15823309029644353,0.1953452953242247,False
202,20261020,90,adb4d4a29dd836b1c37ebde0448d0a9572217e01acf94d9ef3d1514d10fe485d,5,028ddaa51ca05aaeca33bd6dfff1f411b6fb3fe973d03074cc50c613ce0fc97c,Elastic Net,0.24863217984430622,0.05151181806673526,0.28215228291064776,0.11199805933147101,0.03352010306634159,0.10254839900200861,False
203,20261021,90,6b14a41a30e02ee188c737ae632c240d40b3f7614141a66bf8db87f52986cac2,5,b7fbc874b3bbe7907d52b3881264efe46bf2e6dee8be0696e52c9c80538d4fcc,Elastic Net,0.08428405980741475,0.09586246974213564,0.33824166711651815,0.0735596185744346,0.25395760730910333,0.04372611188940845,True
204,20261022,90,5b804aa16161ef42f8e37ed2731bfb20475688bf44017ef92dbbbf8389632a69,5,1e24610811347397d604dd01703772c1cec18c12a9481bc36ce7a89060b1264a,Elastic Net,0.2303555947389581,0.16279915091592356,0.32259839005633834,0.14573300597477365,0.09224279531738015,0.05842745882602114,True
205,20261023,90,23aae9fec38c7af2aab3f9c9025af0363c5652a61e63e8fa073cf70340f99a5b,5,571b518093442addaee4b229039369b5755773ae1addcbae960cabec56a4a26a,Elastic Net,0.2337487853996878,0.052732755813991845,0.38398289479263414,0.07778222627919572,0.15023410939294637,0.045193217989539854,True
206,20261024,90,d14912b7bf94317fb017dfc80301a37364296fb5bc006eb9ccebfac8508529f3,5,132efb4852458226f030921b68d36aca4950f0610b8a9de15a3482187a9f73a7,Elastic Net,0.17712158987047072,0.1774309237035585,0.35485829422665793,0.1315605009903809,0.1777367043561872,0.17215746937578164,False
207,20261025,90,01832fa67dee57fa27d9550b5888639ac5692b563eb07b8ea67c4b59bdaa14a6,5,83387f20c9e1a52d587861edf2d62f2007f730a82d24e71d3384f1e6ede64f9d,Elastic Net,0.3245523372306452,0.10939706694623583,0.5084119609663746,0.10456033060621807,0.18385962373572956,0.028848427704001946,True
208,20261026,90,a101009061277956ed2dbd0bb872a56cb5d18a52c61a2e4faf2d670666ae5826,5,3e2f1c49553659888f9feaab996bd08506d03dcd88181456b9253dceda0b90c6,Elastic Net,0.14676188137526255,0.15414412333263025,0.29978213490453987,0.1882767739583075,0.15302025352927728,0.08179841752829944,False
209,20261027,90,45feffe759376f63b27d7dca63ee6e3b56e161b6eb1a950405fc676d3f8b4732,5,75287336ab7b29fdcefab7ed00de8aa08e68a936cc9540863d497f3197530fb4,Elastic Net,0.1250450046266763,0.12313224491908559,0.3265771236285063,0.042790001474723525,0.20153211900183005,0.12287988815234277,False
210,20261028,90,3d2dfa567bbce7fbd9990412b779aa1101f21ad520abab8480c915b6b4ce38e4,5,2bcdde23deb4f2c79654b274e358ad5321ff2e8f9a85f1e9cf83acd4c3028ed8,Elastic Net,0.12895924725651284,0.1348073093819755,0.2960785909927782,0.14613340074640124,0.1671193437362654,0.131013680262732,False
211,20261029,90,bd2708199c71401e5aa74a80c253f168faae565bcbfc9d7725d2e224660f90fb,5,65738441fd40b5812b60722a5eca46e7bc708c049d59ba808089f5510af935fe,Elastic Net,0.16479273896303082,0.21948013200630395,0.1788325542577844,0.23502178549965427,0.014039815294753599,0.16612923178457692,False
212,20261030,90,5aefd6795a9ccdda74c9368c90e43863beac7e6f14d2f5d97d5c1ba3af3550c4,5,bbd09ebdc003f54853f321f85e489bb7bc5f0d613d55f9ca323ad6619d7d6982,Elastic Net,0.0029603109150247555,0.27368166360561225,0.16480742281089827,0.13461725116482717,0.16184711189587353,0.15797444893146834,False
213,20261031,90,21fecf4fa4b977506dfab1390bdaa76bb42c06e23aa27466a183b53ba586f561,5,bc88c3c334a4bb0385a992ef92118cb2410bf4a7d922b51fcf3fe6b5b8ef1140,Elastic Net,0.016673261009616035,0.20392514981461624,0.12236617979476345,0.2304814675435042,0.10569291878514742,0.11405971242397331,False
214,20261032,90,17145299a144693f6971c6561629b22452d108d828a2026ec366c48635b606f4,5,cd3ef6e52aac6da2c88b1d8f288f33d7fb134d4d4ceb3c24bb34338faa673379,Elastic Net,0.0938949871482472,0.13420882311765203,0.16902150890864812,0.12737467752367268,0.07512652176040091,0.1707823476561985,False
215,20261033,90,8d35218d428de876917fa157cf70b6d6ee89c29fb9517b729f3e53a5ac592000,5,080567a5186af9d7c0dc334a6612ec2982fd1a73c0f96486b6194caf588138a7,Elastic Net,0.21208742336477115,0.15128728530027283,0.26845145221301825,0.09820214457904462,0.056364028848247184,0.11343444189985916,False
216,20261034,90,cb1309b1f476407c3a28d3db125b358835e6bc17b57b35444820818700981ff7,5,516fdd45d7c27a184b70e7b1310bd21529af3c5f27fdb797c91bef4a8edbdcad,Elastic Net,0.05562660210554846,0.061805284140090296,0.22349254102731947,0.0891715382439123,0.16786593892177099,0.05414670196410676,True
217,20261035,90,fbf6a8f0362ae02197e70f492efed4d2e9a79c196d2e73e84e432d6a10ea208b,5,0cb54fa9e144cba0f334ba311204f2d9f98bc00d9dba01c2d7df27979ff2e766,Elastic Net,0.05312179661817547,0.12149737590197983,0.20019584653289718,0.16740940496489232,0.14707404991472176,0.14325994703518088,False
218,20261036,90,1d34a933471aa04c75bb293f8e9365f8b4b1940016c2e145df5f5b951d2d7e26,5,0a00df360f559dba9d648a701047d2436cb14d38185139192bb7e6551725960f,Elastic Net,0.2770293776425651,0.1977773463856791,0.35754449064492394,0.19023491769515327,0.08051511300235888,0.06362955515683111,True
219,20261037,90,c87ee6cfef5336849a9b3073c9007b1c7a4d0761fe3c5a7a647b6497b2c5e534,5,a935f934e89e7f34026ec8edb59b423178173a47b034ed16ef0831949e46d7be,Elastic Net,0.132788313459071,0.1645212785487748,0.2935698342405271,0.19437241410111536,0.16078152078145608,0.13165852289477836,False
220,20261038,90,b28d31cf00212b4329f77f9610c7ae3403801709d69f780cd987685bc24bf183,5,70579f072fce816e6ce7c3fd5584a7e0da9592e77ae39e92241e2bee599b5a8a,Elastic Net,0.0656913214542083,0.1902457940988701,0.20640012435200705,0.16394676454930415,0.14070880289779875,0.10087948503331054,True
221,20261039,90,c167ed663f370626c0652edc57b1601552e1c45b4cad9eb83eaf64189ffc20c3,5,38583d01ddb50d929b2c2aa2d69e2aec810c57014ae6e93a54c3046c3c5089b8,Elastic Net,0.20299371107767034,0.10668866459371057,0.28974698593633663,0.2202254768908195,0.08675327485866635,0.15634590333664405,False
222,20261040,90,799683e7a56a65a42bcfc22f54f45707549a549e1c5b0668b76abed5663c615d,5,b67eef530fd6927e7272942b97397f06682e9a8aa96e615bbd1d430b39589681,Elastic Net,0.19258117713665163,0.1633526346622719,0.3282241352815537,0.12305342486082611,0.13564295814490207,0.0797136909886923,False
223,20261041,90,dd232f798a38778dffaabb5e726a32e6f08cd04d2a22b7a055ce6ba1db713216,5,5f304102e9dcbe726990607e4e52b9ea39fb52744baee098edee50a9abf0b154,Elastic Net,0.282268692967948,0.14349487278319253,0.3527934353922003,0.16695268647773942,0.07052474242425229,0.12630024856283356,False
224,20261042,90,7f27232eb3a0cfa51387df2b2be0c9d99bff8b47844f7c069b009bc2abe540da,5,0a589b0166367b4991ac5cdfb94ac07c660938f421ca392fb67c753fecfbcc3c,Elastic Net,0.0649109082323656,0.29254579794224544,0.23199437841281578,0.2288968944420223,0.16708347018045017,0.18753080050251084,False
225,20261043,90,3205349317a8e52a31717076e2ae32df8d887218b3366dbbeb1d0f6cde63230f,5,f998d7c836204197d733fe56caa5d9d468a0e3d45f8a175d9bdfd03311cca7e1,Elastic Net,0.2184271674095152,0.1837739328784019,0.39420283471874373,0.12120167843155195,0.17577566730922856,0.12484534653797033,True
226,20261044,90,6e5fce3acaef8eebd5a89b91e85ad862c8acf0c4f58736f42a8c18dbb0bc74f1,5,a35bdb6b974147c2776b16f23143d902ca2c98b87368e45aea756a7c12988641,Elastic Net,0.16782053230262942,0.09149805770691477,0.33479249708467806,0.08241496349410601,0.16697196478204862,0.04476602067854884,True
227,20261045,90,b537d541ca1dcc884b331d4933bd9eec45fc4b2f9d67077bfd0ac1197d052137,5,9e30526587f91e81b4f25f02dd0a6ce7e8ba9d29b2d83f53bb73218e0a9ce809,Elastic Net,0.11721259243475343,0.06836589355048864,0.20449495268876489,0.10502314707739481,0.08728236025401145,0.12151443548523194,False
228,20261046,90,2f2f664152e6392048c9ea1ab987e438deeee26fe0145969985e1b0ebbc3bf0a,5,11af1956fda65cb2f37a7ca92bc482fa2be5c5703584d3c617f89b5ca63dc758,Elastic Net,0.0818282187855984,0.2111775053804045,0.15889327429659944,0.3433941976369302,0.07706505551100103,0.1377564145581626,False
229,20261047,90,3f3073b9bedc780315820cebe2183522f70d2579d5e6295d0ea6e85f1ca803c8,5,1250d5f7adbe17f169201ab6724266a1a38e400a9b7600d0bff488b0e202b119,Elastic Net,0.09726464088195523,0.3493090017410402,0.12650108896661777,0.2330263866993942,0.029236448084662546,0.17434000455743753,False
230,20261048,90,b6d710fdf11efa3e916607c946613a0b7b4a9f1bdb28e0dfc6eb99b7880f19b9,5,a5413405951d211bceb073aa6be5d5843f160bf8a3db4cea926eb9bb287a79be,Elastic Net,0.19464673245677783,0.1690245775652425,0.2959525546117325,0.19125479091766318,0.10130582215495469,0.0890018431088676,True
231,20261049,90,6329ae579de784d11395c825f9cba2c781fa1486cd57b8c1b3f17406100c8cdc,5,c74de98a5383496346dc043a4a71e7487d687a0558c413a0860ce403d3673f5a,Elastic Net,0.21581451339773236,0.0866768283064989,0.3419396521884829,0.05848324107209748,0.12612513879075055,0.09449611695897141,False
232,20261050,90,d16a6fd3c85daff187b13904cc9bcf3ff010ae6ce35e7d551954334b2caca6d9,5,6044475db0fcc9e0afdd5d12fa8080ae7a66374c0117e6eaf891880f47419174,Elastic Net,0.08877408850935334,0.29375759940071194,0.19378053191478475,0.3598127840760975,0.10500644340543139,0.12718674296427776,False
233,20261051,90,4249143d66094e47e46d27b164ec02b331850510ac1dc2483a94edef3c5794ee,5,dbf60fadc732d0ea3ecc551a33cb9b5f73f8bd47dced573825c5a552b86d2e56,Elastic Net,0.08702658863939335,0.11917991840118766,0.18160019470250188,0.18818776585190225,0.09457360606310854,0.09379577823678201,False
234,20261052,90,4eb2f831a6e1109e1609412e0e69323a1c3bbff54666c8404f07154df3602e66,5,f972a56562b2ba7c985ea478ca4ad3e10a2b990ef5e8bd9d5222dbb5cb0fc748,Elastic Net,0.07652051022463591,0.15128274259133637,0.22529822422276427,0.14579911753546676,0.14877771399812836,0.06698133445641984,True
235,20261053,90,55e7e4ae6cdcc898d1fc329abbaab09f478ead019c7cd23b1b08a616d4ce2c52,5,bf9734aa5b2a59f8e0b9068a2d315ce1abd05849f0c98ac2de1a941facd7f1dd,Elastic Net,0.22633013044204026,0.07716620013141949,0.27760655721172994,0.14271036702858697,0.05127642676968969,0.09297099251180517,False
236,20261054,90,fb6f0f6c629c2a4719b8336af0551dbfd6f2f5532c825eb2c2bb1620b644626a,5,5be7c5487bac044ccbbddde18f588e423083e7d7932dcd21f7fe32acf1fa125f,Elastic Net,0.018372250324559823,0.1712005946270643,0.25042745609637124,0.23603772276281754,0.2320552057718114,0.09286289696859223,True
237,20261055,90,f5005aaa8f3492ed0741da31ed4ef1d50a89418aa08edc839a74032af9356f31,5,708f54179c1003cf038d2354f9940a587f80f16ce11aca084db5c67a78e3caed,Elastic Net,0.22502936017294442,0.08398550822788842,0.3068300377962747,0.15326493284090964,0.08180067762333035,0.09086152073942272,False
238,20261056,90,d530146c18705166ca15fe460f573fa5d060dd17a8d239f4d8e3a47e28bc0084,5,2452461a8bfc4d7887b357267a61c03b303d32d93feadb41a4689a1b80d0bbb2,Elastic Net,0.06334541074562387,0.1613933186868448,0.12643165958215064,0.29204804674262336,0.06308624883652676,0.14027583310574288,False
239,20261057,90,89376daccc2175d1dbb08efb876e8932f9f2a154f0d5b9b35971142e0d32fc5d,5,79233ef7847d20cca78609c132477df75a830f0b9a9ae26e5581c95bd7dfeb97,Elastic Net,0.2288101339746545,0.06590355717657312,0.39545840902384166,0.10460579892004752,0.16664827504918722,0.09013926666690222,True
240,20261058,90,80eb25e0d6819145938221552567f04937e566f1fb818ee51a22d2a538ea87c5,5,564143d43466f8f633f19fe2df39a735184261a0d7d15d658fe39ed4ad244c36,Elastic Net,0.11055764089034548,0.14148207030254947,0.3036000459987089,0.07136699059017373,0.19304240510836343,0.13219183196514664,True
241,20261059,90,c470a9defab7e69c5497f099cffa4b42d171db9bdaa93c67b633b6aa7cc8911b,5,c04eec7111a80de7c483e4c211359b0e8880662edd4590220ac63aeecabab8de,Elastic Net,-0.042394200595899954,0.403190066206335,0.12785862635448111,0.17369077386869797,0.17025282695038108,0.3246329313413798,False
242,20261060,90,d226bd3b78c188ccf3ea81328963edeb375635c651c64954c9d6e0e64c3791c4,5,8adb98c1820deca5586f60a0bdc6dac0c842c593f90259304a1c9379a5433d3d,Elastic Net,0.19463036158386157,0.097854371778297,0.30544040405501993,0.2313940887010767,0.11081004247115836,0.1438088739518699,False
243,20261061,90,51f027ad25733883635b7b0324a5b17d344e542f3d62843d42827e912779f578,5,a9b140b6b74e0a4a735cc747e7afc260f8e50d9462f1dd6de4360aa7b1cb5884,Elastic Net,0.25599989674830176,0.052722139916847315,0.36396241464102985,0.11939200714848879,0.10796251789272807,0.10645076562294004,False
244,20261062,90,c93f2ec6e74335cbb37ffcfa458c2637a447e0f4a5dcb630b234079079a78e3e,5,ae67784c306295761548417af5312962a581f169367b1d5fae020ba8983b6ccd,Elastic Net,0.1362802694971283,0.11725561945164933,0.27828885424134614,0.11211630804656823,0.1420085847442179,0.01974018623400731,True
245,20261063,90,600f90a4846828fa291a082f54c4d4761ab7996dddd1d199a557d48634c287ea,5,1579a7e5f474c77e18233d97b98433a022127856edaec4cb380f960669b351af,Elastic Net,0.18504667322342222,0.16060274797184726,0.27677767154253374,0.1600753599580398,0.09173099831911147,0.28921105484154425,False
246,20261064,90,9f89892502d6f1fb801b2c1db1748bfd9606a998afd1a0dc675f72a4ec875e3c,5,e6e3f926b7a714ca8a1679e96375c351587fe5dc3bb0b4ee86a48df3c3f89a82,Elastic Net,-0.02703166317850363,0.1624042529658395,0.14617887361973486,0.12485021039853413,0.17321053679823847,0.05826069349592658,True
247,20261065,90,3858c43eb486286f20baaf8ba3a4ff4ef8a70752b1182bd7933261edb52fa7f7,5,d688a58cf9c9f4f8be466d7b771b8ac22d5eda1b3544f8b26b5dbc11de043974,Elastic Net,0.23382966062417426,0.12258743621901598,0.29984402980536123,0.16534519809516907,0.0660143691811869,0.21183942153358085,False
248,20261066,90,2765e79ce3d75c40ea2f3922bc6dd41e114f8b7fdaf3dbe9620c28c860d4478a,5,80f7f14bbe6420d2333cc5d2451639f232b1ca2d811f9202885fc91007ac66ee,Elastic Net,0.15705657261013253,0.16229219580708076,0.2871253990790706,0.19094797508500475,0.13006882646893808,0.09175148775066412,False
249,20261067,90,6917a30708ef6fbd9cbfc9a1d5e46a4d3de0ceda166bc301fb52a31d0ef19ca4,5,41c8bbf3a082caa186782c8c74d8fc93dc0297d58465c6c16b6d8351926a74fd,Elastic Net,0.06702947728407252,0.10637380918644344,0.27938269284979034,0.1141229607899001,0.21235321556571787,0.06398949231524353,True
250,20261068,90,5eeb66840d2464a2b66f601317d2cc9a41e9d9effa6c2d547b7f392b3f4f279f,5,1d40534a40b5b57780839ae7ca9742ccc3b118c60229b659e486659facfaef0b,Elastic Net,0.023147480743564163,0.12259411087302123,0.23105595451263267,0.1312039728052014,0.20790847376906849,0.10280076951180674,True
251,20261069,90,1cab293bb1d9c7361d3ad20b0d10421852b7a5d127e4676506e767434fc3cff9,5,9cb2b8e43432d016b9ee7140ba68af2d56a40434c2bab55c86c01f8b70854a77,Elastic Net,0.10747709440099358,0.13116904097782522,0.3132072062503512,0.09625620060718065,0.2057301118493576,0.07219540776132392,True
252,20261070,90,a7f8a6432f69bc2a673386b1b7cd41cb996ed76a96e1b0b7125471279be77ce1,5,994e52a328459093647daa0d937b6200cc5c2e40d0520f2e62b589eaa5108528,Elastic Net,0.19020142131755322,0.16512146512322803,0.3626828702077017,0.17065316976638392,0.17248144889014846,0.05453047685178419,True
253,20261071,90,d75a842db42aa1c9cae191dc25967d5bec8ebfdce57ac377d5d6218edabd8133,5,fa64c75c76aa23e2a6cf6aa79c6557b64fdeb09859ee0830077b30b149549c4d,Elastic Net,0.05819923278889223,0.16134147689150402,0.25676107029706274,0.19089400930008713,0.19856183750817052,0.21135203070798306,False
254,20261072,90,c180a2d0df64a350b2b28d3840b5ca984aec44018708ad2186bf389ca9d0d34a,5,5aaf254cd914f73a275c4f59f7e7f13aecd5beb90129d70a155c44c38cde8a8b,Elastic Net,0.2784495846162045,0.14754174546858853,0.3185005015277012,0.1774969856512048,0.04005091691149669,0.09062320161934963,False
255,20261073,90,177ec1c1d6dbdc621d3830fff6a9bc97f0da3201d4a828cb903479fb42a46db7,5,03fc35c88679eed60690601971c63f643bad5ce9437d06184ea3ebefcce608cd,Elastic Net,0.13461661414242695,0.22541561344250272,0.28257122228969683,0.2153184994495641,0.14795460814726988,0.07181980374487089,True
256,20261074,90,7f83a8117788561e4e2e60a3a51e98709caa57caa965cbc4f32a870691386991,5,0fbd8f14f176dad1ae5cc0c9bc7f5113bc89d9ee9505cbf3331429e469fdec6c,Elastic Net,-0.1377835156024431,0.15139380871244756,0.14858286585049302,0.17625762742785286,0.28636638145293614,0.1007361195150335,True
257,20261075,90,c02a4fc8be78f558ed19e455839d548d86f72f49397e3e801c87e4aa62e97914,5,5ccd293da7254aa3e99a1f166b71259c6e15c3f0f4c70e200a4be35cfeae8324,Elastic Net,0.09541367506036283,0.3230461235937394,0.2399589960409872,0.27289133458059167,0.14454532098062436,0.08916408850537062,False
258,20261076,90,a1bc79a495f1b63736095c7828217359e81799ff8f61d75273f5896de7d74c82,5,d77135f0f7cda6587d72799a082bab493d9ca14fd7e5daa914822009ade3821f,Elastic Net,0.16268293959704408,0.07492948895784941,0.20269875407515192,0.15090864949047747,0.04001581447810787,0.08988017009549662,False
259,20261077,90,eb0c08b81652cf62815e4ea44eb20cfbaefe866e5448ff3b6bd00886b38b8f11,5,7137ce6909926780db7ccef161fed1b9689e75b10b803cd0ed3a0f458e18dba1,Elastic Net,0.3076123488542889,0.07964766134447006,0.2879128411029746,0.23542485132468338,-0.019699507751314283,0.23432544811928377,False
260,20261078,90,eadc0407e659634c992d9682e7539e8c1f6625f2fb8d10c33f9c06d140604d8e,5,7900c220bc40db09be5e98dfc57ab5c32db643c047a1ac5662ef47ed85e8c74c,Elastic Net,0.19836333162052158,0.0785804885041461,0.36242994708541565,0.20102073489289052,0.1640666154648941,0.12603541239121202,False
261,20261079,90,cc31c830a0f21cbbef3ae382409becc27d80271d895086436778547f2468a68d,5,19d896996befdfbeb983a4d1bb1815ba3c7d5b2e062c0364d4a290e8ce517427,Elastic Net,-0.48523267622111516,0.6044301326929983,-0.31266882526744266,0.6123688187485226,0.1725638509536725,0.09120767375350838,True
262,20261080,90,707979f5c31a13ee67b06037072a35c1ba044fec35448fdaff3ff401045b6b4d,5,19d1db31abb2afe30b69fc2cb36a9916b925dc42fbb0bdf168ac880c35cd013e,Elastic Net,0.20366402186344618,0.12803115685809677,0.361182339784673,0.14279865937882533,0.15751831792122684,0.10199020222106736,True
263,20261081,90,4d33f8dfa29e34000ff0f87afd54ed26795766dbe62e4d1a865661f392fb1ff4,5,dd43e987a78d8e259e06ce23368c96446cc227d4f5866df39653c93847fa114c,Elastic Net,0.016267564207089635,0.21371386418258165,0.11651148387287065,0.36712351232030493,0.10024391966578101,0.1619867485697521,False
264,20261082,90,cc6e379bd6514dfa64df0f7b26ee9521309db8905e63440ff08e58028d3c572c,5,1aad272102e6367da6ef5ba7b11bced9f8879c714582538478569c8ffbb8d6e3,Elastic Net,0.20945670984323797,0.0696029118860616,0.3546718803505553,0.1095891391704471,0.14521517050731733,0.04975645422002716,True
265,20261083,90,99e6a5e4fed57e2650993b0d417c7cd0c33346107a8bd377d963bff6faa5e202,5,7d98a77da878e2bd72a900a2c514d8d5cb05ce7164c434fa746b4d78822a87da,Elastic Net,0.26506940099831255,0.11846714414457049,0.5036699689263848,0.07194254423118736,0.23860056792807222,0.05425274017152428,True
266,20261084,90,93defb3f29f2509078488bad798132227512282c3ebc989b82e71a5e503876c7,5,54348ad9e74a6c49ce677d4a75b5aa3d9d247c5bd20646bf6ad0844362a3db7e,Elastic Net,0.05859201283135553,0.11478737493048874,0.1419046970007166,0.07500204730832999,0.08331268416936106,0.055423228366910826,True
267,20261085,90,ac9af6ed0e80bae213ce383f5c21eecc77a95b3c9fa7628b3eb6597e9420a02c,5,e597b300f4254a7c3ca6515cf5e8fc5a657bf43a59973d261b979bf48c0241d0,Elastic Net,0.3328124892026513,0.15295516345419763,0.32597506128164183,0.13511123702957895,-0.006837427921009431,0.07738621878329287,False
268,20261086,90,6495ed260a529dc78ea3b1dcb6afc0c56a4adf6fe3316064ac640ad3597362b4,5,d28ba0ff15480e15407c724b920bd7f93ad814b1cc88576b20e6881ff479fb6e,Elastic Net,0.08642963423238406,0.05657331548436384,0.12763437430786873,0.08792329574830286,0.04120474007548467,0.09350436516734657,False
269,20261087,90,d55d29c87f41a47e368322cdb5e5978443439c3c76496de28cb1299cf91c15f8,5,e17ddce4f9b45c7c481ee4602b86e008794f93dd98a5a16b61b0ba107df782bf,Elastic Net,0.19577875711889575,0.12501163975386173,0.34521019623653426,0.10621274713606003,0.1494314391176385,0.03638957549157865,True
270,20261088,90,e151527cf282229eb509a4300f2ee31d24fd284a162d612454485e6f3d067794,5,b60f1eafa3f96c35bd007da806c561a52a5f27074c2d7b78fe945b770128ae42,Elastic Net,0.12182154202047805,0.13220869616642267,0.1870230395605606,0.15644547923004246,0.06520149754008256,0.0820801024585586,False
271,20261089,90,8e6db39572862c97daf4652fb690dc5306a838b8975e15bc60d5c05d48fb4ed2,5,9c1f524466527407d16ab9a62656ce6f6b6223e823523180e87edc03b454ed37,Elastic Net,-0.01669224104138034,0.09488151538826133,0.05324960732901298,0.21633969933787517,0.06994184837039333,0.21906825707718391,False
272,20261090,90,48779200ea311bb39aa024a593be789ee79ead2d208ca4cd802928bc99665471,5,ac3099d5e0f5d7fc70746c843eabf6271afcd1a3e342c724cda42acfc0d49065,Elastic Net,0.06470062839592342,0.14718773156022397,0.2168340606487718,0.09272042851589665,0.1521334322528484,0.06776441100395651,True
273,20261091,90,bbe26aefa28997333d40abfc09003cb3e31588e8c49c2d114a579e45cfcfe067,5,c4a848d08ab448d4418f86e185067eded5f66fdf8821024f9ac393b8079d6477,Elastic Net,0.198717463183891,0.14670137417013368,0.3557245590692645,0.14195279426123097,0.15700709588537348,0.13134609258666782,False
274,20261092,90,4ae1e22f4e86bf9bb9a1d77673660d9b4755fa134bf02ecd1bcbaed9d1dbb8b0,5,b241412bfdd8a9b4990e4dc0b1cd5f972d49c82f750eee6d1aedc30c26cb1e4b,Elastic Net,-0.03302680559460278,0.32480599004411737,0.06243609511280812,0.38114273445273456,0.0954629007074109,0.15356664063011924,False
275,20261093,90,71ed8050b92c73737f7ea0900be0a50d191e1b2ccaaf19e24486b6ff14d45a6e,5,0987f3b027b3f8f9f14dc6670bb457b0b95cd4780e30c041f59c1b0f24b3a08f,Elastic Net,0.14537303468440438,0.17882104653769643,0.2509722914577207,0.10076281583059087,0.10559925677331634,0.19039063166719358,False
276,20261094,90,f40a34740237918b262c553532b2e5eae8aeba2438b66bd006fdc2cc9838f2d3,5,2f671964ee6ff6a18c9d149da1bc7193f55ff7a1c93c4f182a0e216b3f8819c8,Elastic Net,0.05596301463619089,0.1723011501897882,0.2447999742762133,0.16517895537797345,0.1888369596400224,0.10105032691872248,True
277,20261095,90,7337e9c1484dffa4f5438745a713de177ed368d0b386ae4233eba86a7b434977,5,da8e7b88bf646ac9b6b00b282032e138acdf031ce85f15dd0fb172abe4584a7f,Elastic Net,-0.03791021887133581,0.27539617288816837,0.17198187327824863,0.21666588241440843,0.20989209214958446,0.06689309432219112,True
278,20261096,90,946314d19fb4099ea43f55b7bdf063e16f5bf394a7b10f4335f02fe05588e3b0,5,0ba82f711d569ca72027798001d04e65b5eefa2b06e12fa464c6013e1a9d7287,Elastic Net,0.1057655227660282,0.24069244357057515,0.22401540419744953,0.19526652019872393,0.11824988143142132,0.09045724252155438,False
279,20261097,90,a4cad9ee855723aacc4e6e2690caf31f7fb5fcaab457c5d259ba4dc29c0ca1b6,5,1b709839e74a6894438d7fc272f970b6ee8af54316895742bdaab48d69cfa215,Elastic Net,0.10159048245223104,0.15142559696123148,0.12921174148828563,0.26938609689333726,0.027621259036054592,0.1468141912209584,False
280,20261098,90,281b0b88af672831db3b2fe254cf52b1d2ae4e5ac0fe4df9f36fe2724175c82f,5,fb9aca84b8e9946c8bcb031423cc38193938265981cc729e39752459a9722fbf,Elastic Net,0.1632546199294506,0.2032009382086669,0.2162854824371152,0.1920706054410879,0.053030862507664644,0.05929184894312747,False
281,20261099,90,8df409e012f6e5682139d52d34b4d57197aeed5f3044077678c3ea3f1e3de08b,5,3b5af341cbac0257b392cc6ef28c2edf744608beab048c91daffb07169157129,Elastic Net,0.28050290706165193,0.11031086455710438,0.38851270837363006,0.058662457596349624,0.10800980131197817,0.09382575998995447,False
282,20261100,90,e22e3ceccec3a2f4d799370908f7569e0ad176ad58737f713a6383083bb353c3,5,68b70f34947d20900560d52ec5a0e3fd0c0a8e76d8c3baaa2ecfa9367304dc93,Elastic Net,0.08220808276707336,0.16288979593511332,0.15519043102078925,0.17371451629501303,0.07298234825371588,0.15595003141890917,False
283,20261101,90,d964d6086eeca9f9c7f28d55db059793706a5e5ffeb8d324bdd6882e815997b5,5,ee7017f94b2309dbea3b9916cd24da5ac27c0ecabe84b650ce9a61e2fba7911e,Elastic Net,0.15919238719558973,0.24434800016358524,0.152286588783349,0.3245071445178259,-0.006905798412240727,0.1402798721815874,False
284,20261102,90,56f6a729d902226a99a99ebd775aac2ceb25c4b7a9f5f5011b011dd9f461bcea,5,edd54fdb9da6a65d9f9ac9b280f6d3c94b7ca080d90eeeed31963c539b8c202b,Elastic Net,0.2736135414073094,0.06910480986335599,0.37242966296886804,0.13873447953490223,0.09881612156155861,0.10728261347174152,False
285,20261103,90,3048ed2bea471fc92dc914b292814d1d9d22d38b93f2013a3f5eee601b8f1cc8,5,d0198d84a107f7f25e164fada0cc86007530636fd5c15c08c8bab9faa3841fad,Elastic Net,-0.09011420235116337,0.5041745799852352,0.05966348910729522,0.4722433887817643,0.1497776914584586,0.07509742759785085,True
286,20261104,90,0fdf36b6510c6e0a16cbf2e495fee73af58ee29f5281c22673487b8306143b5e,5,307c49f5cef516639ca5c236640e243b5dd1c43df8ba18b56c93fb51a866d1df,Elastic Net,0.07052177193180817,0.20999446281865808,0.1873407964275868,0.23727034972252542,0.11681902449577863,0.10669982451227888,False
287,20261105,90,b541768659e4e6412e9cdc1ce08175212ae0d2c2fb9294c2fa1047f5ac39d5f8,5,e5ad5398ef0dc47c26a2e9128fbc0d96f8a38f7b907fa4ceb1157324625c68f2,Elastic Net,0.17023262836571978,0.10336316798483758,0.28645550855770013,0.07401830690287664,0.11622288019198035,0.07105880286973762,True
288,20261106,90,0660629cede1938d6c71f3fcde9774477dfc9abc38b5bf727c2989abd416d20c,5,cdc22d95cceec387b1f33d8926673b3fc87b68a0104dbd5cb9656b3737666bad,Elastic Net,0.17723558064291206,0.0744606216341506,0.338752923566341,0.06931181808552331,0.1615173429234289,0.095618432366808,True
289,20261107,90,ae7b51d3b80f52935d3d80081e2351d2739e1a08e1a5417b6cceddc9bd5d44d5,5,841eb31846de6679cc9e55f1ef3a44f114f482ca21373920cf903fa9a93782fd,Elastic Net,0.04131978652087933,0.2290034601024582,0.1096036080634677,0.13213747420573746,0.06828382154258836,0.20366038472366285,False
290,20261108,90,7fb6095a4359bc5768b6dbaa245581483b27323338628c5e4daead109d6ac8b2,5,b4d7dc1464e5e5b19253b3393dabd9d892a2bcc439ff9ae6dfa08f8aace35bdd,Elastic Net,0.050021993623372826,0.1640723430024518,0.04426993239689871,0.18259993993104653,-0.005752061226474115,0.09614393321236311,False
291,20261109,90,34650ad3a28fdebd367afda475de8c60b1205c96cfcf4424f85276edbffa0790,5,42cb3e08f55207510bb5b0605b155f4aadea65398b306a199bad3d93ab25c6cd,Elastic Net,0.2617272324492636,0.09993916473738461,0.3804800900225426,0.09291702399453156,0.11875285757327902,0.028087593737071936,True
292,20261110,90,dad6757972b7f71b9ff07f31da89c9b66c1892bba0bc0e7d86c72ba83bffa72b,5,02b719f77a0c71e1b7e1d5fec266abb9bae8caf827b0ab9a7336d65a3524b2dc,Elastic Net,0.17857033447480353,0.10932089467756616,0.2904319176336764,0.11082332168518794,0.11186158315887289,0.1380029875341915,False
293,20261111,90,bf829a32c956e9f600adf6a821729c891daf44c1f0afea1ef11d95ebd422bae7,5,88c1c7518c76d081cf325db204eb59b9177c3715f67d214f78798f85c8c0fef0,Elastic Net,-0.014039230825811665,0.31919113544050376,0.051597897934281226,0.25018492389549873,0.0656371287600929,0.10903764579266523,False
294,20261112,90,0af7983078770621c76467111c7d2c9d098ebef8baf5d96400c2102d5dd98a85,5,f573925e9d85baa91e910c6c68375bb9c1aa811f5064569a970b8a57f462a56b,Elastic Net,0.03190646013442493,0.3284380241575726,0.04097273153443866,0.45896640655559234,0.009066271400013726,0.14789796318948298,False
295,20261113,90,9c7725724d30683c3e035aa477c42688463a314d67c7b259dc40573a61bcc892,5,f7de5abbc33be3ca1084f8c2a49857513c1d74172ffb0fe2bd650933043acda9,Elastic Net,0.12684639339343817,0.20308629089809097,0.1543267639518104,0.19393217098173024,0.027480370558372224,0.08570024300435118,False
296,20261114,90,6bd3b21bdfe38f27da727fd36b4596bf63ca44ba6149f1c3c2ac9b4b1927d157,5,32d8ecd0047fad8b9b6bba4dbb40e4a9585a15bba7fbd8e48174294f54c7ebe7,Elastic Net,0.027009278415358627,0.11193716084983739,0.1782432072276031,0.15687691091103378,0.15123392881224446,0.07676656697303702,True
297,20261115,90,0733073398de6ad8be349074b4b343c54bd8bdacdd144e6af20b14bae946d6f1,5,f1f050165613f92025c5c6e9f55131b8fe7621e09bd05d489af3bff1ac6f8d03,Elastic Net,0.3252832438328862,0.07816038940728678,0.5081280746748498,0.1404912480801321,0.18284483084196357,0.1260226055259968,True
298,20261116,90,4891a49e7adf21b222481d8889b171c7978eb4de74207a20f8e71c87fb0925d2,5,85cee3eed0cebe225a01baa5c629990e190eab7ac0c73fea148369c41d6214c9,Elastic Net,0.24045228119216136,0.10902911323910637,0.25168170854341676,0.33303702182944234,0.011229427351255405,0.3478185610174925,False
299,20261117,90,20a2479cd1de5d5374697031647bf3daf9c40ca2ae17362c64a5fbe3c04ca99f,5,f3a8ec5d888fdedf1cc324b947e6b563a5901b4a3a200ee3f5dbd4962aff1b04,Elastic Net,0.10369671471905968,0.06551666118923836,0.18802508992822686,0.16129268814299172,0.08432837520916718,0.1323529035188417,False
300,20261118,90,d102e6461b0205b7117fc0c22ab7e3ffe606249e1132f8757975e69bce4a9a37,5,eea2c27a3a9391429e37faff3946b3ad2c318071a0383eaa6413101ddf9e3d72,Elastic Net,0.21180063387715045,0.09594449855525108,0.38050245953605194,0.09564823401154711,0.1687018256589015,0.12820956451416465,False
