Voc_V,Jsc_uA_cm2,P_reported_uW_cm2,P_est_uW_cm2,log_P_est,log_P_reported,log_Voc,log_Jsc,mechanism,structure,ion,delta_logP_est_minus_reported
1.0,0.015,0.0053,0.00375,-2.425852935849277,-2.275724130399211,0.0,-1.8239087409443189,streaming,porous,proton,-0.15012880545006624
0.4,0.02,0.002,0.002,-2.6987529113637887,-2.6989700043360187,-0.3979400086720376,-1.6989700043360187,streaming,porous,anion,0.00021709297223004853
1.5,0.025,0.0094,0.009375,-2.0279824013259846,-2.0268721464003012,0.17609125905568124,-1.6020599913279623,streaming,porous,anion,-0.001110254925683396
0.85,0.0368,,0.0078199999999999,-2.106737714112009,,-0.07058107428570728,-1.4341521813264824,streaming,porous,proton,
0.16,0.04,,0.0016,-2.7956086680807,,-0.7958800173440752,-1.3979400086720375,streaming,porous,proton,
0.25,0.05,0.0045,0.003125,-2.505011026316832,-2.3467874862246565,-0.6020599913279624,-1.3010299956639813,ion_gradient,porous,proton,-0.15822354009217543
5.0,0.06,,0.075,-1.1249329460538116,,0.6989700043360189,-1.2218487496163564,streaming,porous,proton,
1.0,0.1,,0.025,-1.6020426198961126,,0.0,-1.0,streaming,porous,proton,
0.6,0.12,0.00156,0.018,-1.7447033680956598,-2.8068754016455384,-0.2218487496163564,-0.9208187539523752,streaming,porous,proton,1.0621720335498785
0.19,0.12,,0.0057,-2.244048958995868,,-0.721246399047171,-0.9208187539523752,streaming,porous,proton,
4.82,0.13,,0.15665,-0.8050668284037524,,0.6830470382388496,-0.8860566476931632,streaming,film,proton,
1.4,0.133,0.0467,0.04655,-1.3320709851484356,-1.330683119433888,0.146128035678238,-0.8761483590329142,streaming,porous,proton,-0.0013878657145476314
0.79,0.133,0.08,0.0262675,-1.580564725855803,-1.0969100130080565,-0.10237290870955855,-0.8761483590329142,streaming,porous,proton,-0.48365471284774664
1.6,0.17,,0.068,-1.1674847006571667,,0.2041199826559248,-0.769551078621726,streaming,porous,proton,
2.5,0.18,,0.1124999999999999,-0.9488436171743811,,0.3979400086720376,-0.744727494896694,streaming,porous,proton,
0.16,0.2,0.00824,0.008,-2.096855729590461,-2.0840727883028842,-0.7958800173440752,-0.6989700043360187,streaming,porous,proton,-0.012782941287576843
0.89,0.2,0.04,0.0445,-1.3516302297021636,-1.3979400086720375,-0.05060999335508721,-0.6989700043360187,streaming,porous,proton,0.04630977896987387
0.44,0.2,0.022,0.022,-1.6575575789681631,-1.6575773191777938,-0.3565473235138126,-0.6989700043360187,streaming,porous,proton,1.9740209630692007e-05
1.35,0.223,,0.0752625,-1.1234155894264268,,0.13033376849500614,-0.6516951369518393,streaming,porous,proton,
0.8,0.055,0.0031,0.011,-1.9585678353197349,-2.5086383061657274,-0.09691001300805639,-1.2596373105057561,ion_gradient,porous,other_cation,0.5500704708459925
1.0,0.3,0.08,0.075,-1.1249329460538116,-1.0969100130080565,0.0,-0.5228787452803376,streaming,porous,proton,-0.028022933045755094
0.3,0.4,0.018,0.03,-1.5228642690388767,-1.744727494896694,-0.5228787452803376,-0.3979400086720376,streaming,porous,proton,0.22186322585781726
1.2,0.475,,0.1425,-0.8461820879855898,,0.07918124604762482,-0.3233063903751334,streaming,porous,proton,
0.284,0.485,0.083,0.0344349999999999,-1.4629873008541796,-1.080921907623926,-0.5466816599529624,-0.3142582613977364,streaming,porous,proton,-0.38206539323025357
1.63,0.49,0.15,0.199675,-0.6996741318941417,-0.8239087409443188,0.21218760440395779,-0.3098039199714863,streaming,porous,anion,0.12423460905017703
1.2,0.5,,0.15,-0.8239058456574236,,0.07918124604762482,-0.3010299956639812,streaming,porous,proton,
0.42,0.528,0.018,0.05544,-1.2561689448723472,-1.744727494896694,-0.37675070960209955,-0.27736607746618774,streaming,porous,proton,0.4885585500243468
0.315,0.7,,0.0551249999999999,-1.2586435192376149,,-0.5016894462103995,-0.1549019599857432,streaming,film,proton,
0.5,0.71,0.035,0.08875,-1.051826744841486,-1.4559319556497243,-0.3010299956639812,-0.14874165128092473,streaming,porous,proton,0.40410521080823836
0.27,0.93,0.063,0.062775,-1.2022063603988264,-1.2006594505464183,-0.5686362358410126,-0.03151705144606486,ion_gradient,porous,anion,-0.0015469098524081293
0.316,0.997,,0.078763,-1.1036722364925795,,-0.5003129173815962,-0.0013048416883442813,streaming,porous,proton,
0.4,1.0,0.055,0.1,-0.9999956570768956,-1.2596373105057561,-0.3979400086720376,0.0,streaming,hydrogel,proton,0.2596416534288605
0.3,1.2,0.18,0.09,-1.0457526650932398,-0.744727494896694,-0.5228787452803376,0.07918124604762482,streaming,porous,proton,-0.30102517019654584
0.4,1.2,,0.12,-0.9208151348467722,,-0.3979400086720376,0.07918124604762482,streaming,porous,proton,
0.27,1.2,0.324,0.081,-1.0915096194941762,-0.48945498979338786,-0.5686362358410126,0.07918124604762482,streaming,porous,proton,-0.6020546297007884
0.7,1.3,,0.2274999999999999,-0.6430166900243307,,-0.1549019599857432,0.11394335230683679,streaming,porous,anion,
2.05,1.9,,0.97375,-0.0115520833175728,,0.31175386105575426,0.2787536009528289,streaming,porous,proton,
0.75,10.0,1.7,1.875,0.2730015036873995,0.2304489213782739,-0.12493873660829995,1.0,streaming,porous,proton,0.04255258230912559
0.25,2.25,0.14,0.140625,-0.8519343762392272,-0.8538719643217619,-0.6020599913279624,0.3521825181113625,ion_gradient,porous,other_cation,0.001937588082534747
4.3,2.9,1.0,3.1175,0.4938066014591326,0.0,0.6334684555795865,0.4623979978989561,streaming,porous,proton,0.4938066014591326
0.25,3.3,0.825,0.20625,-0.6856039371129267,-0.08354605145007493,-0.6020599913279624,0.5185139398778874,streaming,film,proton,-0.6020578856628518
0.83,3.8,0.79,0.7885,-0.1031977515497815,-0.10237290870955855,-0.08092190762392612,0.5797835966168101,ion_gradient,porous,other_cation,-0.000824842840222953
0.658,5.25,0.675,0.8636250000000001,-0.0636742914344295,-0.17069622716897506,-0.1817741063860445,0.7201593034059569,streaming,porous,proton,0.10702193573454556
1.0,5.4,1.35,1.35,0.1303340901945032,0.13033376849500614,0.0,0.7323937598229685,ion_gradient,porous,other_cation,3.216994970689502e-07
0.55,6.0,,0.8250000000000001,-0.08354552503284,,-0.2596373105057561,0.7781512503836436,streaming,porous,proton,
0.33,7.5,,0.61875,-0.2084840861688702,,-0.4814860601221125,0.8750612633917001,ion_gradient,porous,other_cation,
1.2,9.0,0.25,2.7,0.4313639250087656,-0.6020599913279624,0.07918124604762482,0.9542425094393249,ion_gradient,porous,other_cation,1.033423916336728
2.13,9.1,18.5,4.84575,0.68536109405565,1.2671717284030137,0.3283796034387377,0.9590413923210935,ion_gradient,porous,proton,-0.5818106343473637
0.77,9.25,0.522,1.780625,0.2505727104835085,-0.28232949699773785,-0.11350927482751812,0.9661417327390326,ion_gradient,porous,other_cation,0.5329022074812464
0.385,11.0,0.198,1.05875,0.024793833534066,-0.7033348097384688,-0.4145392704914993,1.0413926851582251,ion_gradient,porous,other_cation,0.7281286432725349
0.4,14.0,,1.4,0.1461283458884714,,-0.3979400086720376,1.146128035678238,ion_gradient,porous,other_cation,
0.92,14.17,1.74,3.2591,0.5130978195209875,0.24054924828259971,-0.036212172654444715,1.1513698502474603,ion_gradient,porous,other_cation,0.2725485712383878
1.4,14.9,4.4,5.215,0.7172543960404865,0.6434526764861874,0.146128035678238,1.173186268412274,streaming,porous,proton,0.07380171955429904
2.9,16.8,,12.18,1.0856473239532165,,0.4623979978989561,1.2253092817258628,streaming,porous,proton,
0.857,22.0,3.82,4.7135,0.6733436035558605,0.5820633629117087,-0.06701917807680184,1.3424226808222062,ion_gradient,porous,other_cation,0.09128024064415186
0.6,22.0,2.1,3.3,0.518514071482256,0.3222192947339193,-0.2218487496163564,1.3424226808222062,ion_gradient,porous,other_cation,0.19629477674833673
0.46,25.0,,2.875,0.4586380000845733,,-0.3372421683184259,1.3979400086720377,ion_gradient,porous,other_cation,
1.21,34.72,5.96,10.5028,1.0213051368432924,0.7752462597402364,0.08278537031645007,1.5405797165044544,ion_gradient,porous,other_cation,0.24605887710305596
0.6,45.0,12.5,6.75,0.8293038371709434,1.0969100130080565,-0.2218487496163564,1.6532125137753437,ion_gradient,porous,other_cation,-0.2676061758371131
0.96,68.4,,16.416,1.215267369887282,,-0.017728766960431602,1.8350561017201164,ion_gradient,porous,other_cation,
0.43,71.0,7.7,7.6325,0.8826668698713812,0.8864907251724818,-0.36653154442041347,1.8512583487190752,streaming,porous,proton,-0.0038238553011006315
0.84,75.0,5.74,15.75,1.1972805856998712,0.7589118923979735,-0.07572071393811836,1.8750612633917,ion_gradient,porous,other_cation,0.43836869330189765
1.1,80.0,6.75,22.0,1.3424227005628642,0.829303772831025,0.04139268515822508,1.9030899869919435,ion_gradient,porous,other_cation,0.5131189277318392
1.9,86.0,40.9,40.85,1.611192071499878,1.6117233080073419,0.2787536009528289,1.9344984512435677,streaming,porous,proton,-0.0005312365074638947
0.71,91.0,,16.1525,1.208239776599343,,-0.14874165128092473,1.9590413923210936,ion_gradient,porous,other_cation,
0.63,140.0,16.55,22.05,1.3434086134997518,1.2187979981117376,-0.2006594505464183,2.146128035678238,ion_gradient,film,anion,0.12461061538801421
1.1,3000.0,1500.0,825.0000000000001,2.9164539490763426,3.1760912590556813,0.04139268515822508,3.4771212547196626,ion_gradient,porous,other_cation,-0.25963730997933876
0.47,0.68,0.0367,0.0799,-1.0974477852446545,-1.4353339357479107,-0.3279021420642826,-0.16749108729376366,ion_gradient,porous,other_cation,0.3378861505032562
1.2,50.0,22.5,15.0,1.1760912880086458,1.3521825181113625,0.07918124604762482,1.6989700043360187,ion_gradient,porous,other_cation,-0.17609123010271666
1.32,0.004,,0.00132,-2.8790971823854727,,0.12057393120584989,-2.3979400086720375,streaming,porous,proton,
0.6,0.05,0.0075,0.0075,-2.124880834537432,-2.1249387366083,-0.2218487496163564,-1.3010299956639813,streaming,porous,anion,5.7902070867754674e-05
2.2,0.095,0.014,0.05225,-1.2819053934403335,-1.853871964321762,0.3424226808222063,-1.0222763947111522,streaming,porous,proton,0.5719665708814285
2.7,0.0533,,0.0359775,-1.4439569470300029,,0.43136376415898736,-1.2732727909734278,streaming,porous,proton,
0.11,0.022,0.00063,0.000605,-3.217527375833714,-3.2006594505464183,-0.958607314841775,-1.6575773191777938,streaming,porous,proton,-0.016867925287295638
0.16,0.17,,0.0068,-2.16742722515382,,-0.7958800173440752,-0.769551078621726,ion_gradient,porous,other_cation,
0.65,0.75,,0.121875,-0.9140818078661233,,-0.18708664335714442,-0.12493873660829995,streaming,porous,proton,
0.4,4.0,,0.4,-0.39793892293719,,-0.3979400086720376,0.6020599913279624,ion_gradient,film,proton,
0.45,5.0,1.0,0.5625,-0.2498767011382072,0.0,-0.3467874862246563,0.6989700043360189,streaming,film,proton,-0.2498767011382072
0.34,5.0,,0.425,-0.3716100480815215,,-0.46852108295774486,0.6989700043360189,ion_gradient,hydrogel,other_cation,
0.28,6.2,0.9,0.434,-0.3625092698101124,-0.045757490560675115,-0.5528419686577808,0.7923916894982539,ion_gradient,porous,other_cation,-0.31675177924943726
0.75,8.7,1.4,1.63125,0.2125207909164396,0.146128035678238,-0.12493873660829995,0.9395192526186185,ion_gradient,porous,proton,0.0663927552382016
0.3,19.3,0.88,1.4475,0.1606188724301003,-0.05551732784983137,-0.5228787452803376,1.2855573090077739,ion_gradient,porous,other_cation,0.2161362002799317
0.43,29.5,25.52,3.17125,0.5012306171771781,1.4068806700491248,-0.36653154442041347,1.469822015978163,ion_gradient,porous,other_cation,-0.9056500528719467
0.66,110.0,26.4,18.15,1.2588766533002014,1.421603926869831,-0.1804560644581313,2.041392685158225,ion_gradient,porous,other_cation,-0.16272727356962968
0.6,520.0,123.09,78.0,1.8920946082583583,2.090222771686575,-0.2218487496163564,2.716003343634799,ion_gradient,porous,other_cation,-0.1981281634282166
0.13,2.11,,0.068575,-1.163827850638265,,-0.8860566476931632,0.3242824552976926,ion_gradient,hydrogel,other_cation,
0.068,0.003,,5.1000000000000006e-05,-4.2839966563652006,,-1.1674910872937636,-2.5228787452803374,ion_gradient,porous,proton,
0.115,0.0143,,0.000411125,-3.3849710398487907,,-0.9393021596463883,-1.8446639625349381,ion_gradient,porous,proton,
4.2,0.0177,,0.018585,-1.7308140671860484,,0.6232492903979004,-1.7520267336381934,ion_gradient,porous,proton,
0.12,0.025,,0.00075,-3.1243600629958315,,-0.9208187539523752,-1.6020599913279623,ion_gradient,porous,proton,
0.83,0.03,,0.006225,-2.205790883653504,,-0.08092190762392612,-1.5228787452803376,ion_gradient,porous,proton,
0.276,0.07,0.0013,0.00483,-2.3159629625134803,-2.886056647693163,-0.5590909179347823,-1.154901959985743,ion_gradient,porous,proton,0.5700936851796827
0.3,0.08,0.0084,0.006,-2.2217763732339035,-2.0757207139381184,-0.5228787452803376,-1.0969100130080565,ion_gradient,porous,proton,-0.14605565929578512
0.65,0.09,,0.0146249999999999,-1.8348744309117715,,-0.18708664335714442,-1.0457574905606752,ion_gradient,porous,proton,
0.04,0.142,,0.0014199999999999,-2.8474059220725305,,-1.3979400086720375,-0.8477116556169435,ion_gradient,porous,proton,
0.25,0.16,0.0104,0.01,-1.9999565727231368,-1.9829666607012197,-0.6020599913279624,-0.7958800173440752,ion_gradient,porous,proton,-0.01698991202191702
0.28,0.19,,0.0133,-1.8761157065399925,,-0.5528419686577808,-0.721246399047171,ion_gradient,porous,proton,
0.54,0.35,0.047,0.04725,-1.325588995834374,-1.3279021420642825,-0.26760624017703144,-0.4559319556497244,ion_gradient,porous,proton,0.002313146229908414
0.47,0.5,,0.05875,-1.2309847368726377,,-0.3279021420642826,-0.3010299956639812,ion_gradient,porous,proton,
0.8,0.5,,0.1,-0.9999956570768956,,-0.09691001300805639,-0.3010299956639812,ion_gradient,porous,proton,
3.18,0.58,0.45,0.4611,-0.3362039359154635,-0.3467874862246563,0.5024271199844327,-0.23657200643706275,streaming,porous,anion,0.010583550309192835
0.5,0.6,,0.075,-1.1249329460538116,,-0.3010299956639812,-0.2218487496163564,ion_gradient,film,proton,
0.68,0.7,0.3978,0.119,-0.924449389089342,-0.40033522121158327,-0.16749108729376366,-0.1549019599857432,ion_gradient,porous,proton,-0.5241141678777588
1.0,0.72,0.212,0.18,-0.7447250821562743,-0.6736641390712486,0.0,-0.14266750356873156,ion_gradient,porous,proton,-0.07106094308502575
0.189,0.97,0.083,0.0458325,-1.338816977303591,-1.080921907623926,-0.7235381958267558,-0.01322826573375516,ion_gradient,porous,proton,-0.2578950696796649
0.6,1.0,0.07,0.15,-0.8239058456574236,-1.154901959985743,-0.2218487496163564,0.0,ion_gradient,porous,proton,0.33099611432831944
0.67,1.0,0.23,0.1675,-0.7759825958319986,-0.638272163982407,-0.17392519729917355,0.0,ion_gradient,porous,other_cation,-0.13771043184959153
0.82,1.01,,0.2070499999999999,-0.6839226676323439,,-0.08618614761628333,0.004321373782642578,ion_gradient,porous,proton,
0.3,1.2,,0.09,-1.0457526650932398,,-0.5228787452803376,0.07918124604762482,ion_gradient,film,proton,
0.19,1.4,0.132,0.0664999999999999,-1.1771718240019096,-0.8794260687941501,-0.721246399047171,0.146128035678238,ion_gradient,porous,proton,-0.2977457552077595
1.0,1.7,0.1,0.425,-0.3716100480815215,-1.0,0.0,0.2304489213782739,ion_gradient,porous,proton,0.6283899519184786
0.56,2.33,0.177,0.3262,-0.4865147119229158,-0.7520267336381934,-0.25181197299379954,0.367355921026019,ion_gradient,porous,other_cation,0.2655120217152776
1.27,2.7,0.86,0.8572500000000001,-0.0668919995997447,-0.06550154875643228,0.10380372095595687,0.43136376415898736,ion_gradient,hydrogel,proton,-0.0013904508433124213
0.61,3.16,1.06,0.4819,-0.3170421724868569,0.02530586526477026,-0.21467016498923297,0.49968708261840383,ion_gradient,film,proton,-0.34234803775162714
0.75,4.0,,0.75,-0.1249381575493767,,-0.12493873660829995,0.6020599913279624,streaming,porous,proton,
0.95,5.0,1.79,1.1875,0.0746339840184191,0.2528530309798932,-0.022276394711152253,0.6989700043360189,ion_gradient,hydrogel,other_cation,-0.17821904696147411
0.83,5.2,0.6,1.079,0.0330218471799269,-0.2218487496163564,-0.08092190762392612,0.7160033436347992,ion_gradient,film,proton,0.2548705967962833
0.8,6.0,,1.2000000000000002,0.0791816079595423,,-0.09691001300805639,0.7781512503836436,ion_gradient,hydrogel,other_cation,
0.019,6.24,0.032,0.02964,-1.5281071486294195,-1.494850021680094,-1.7212463990471711,0.795184589682424,ion_gradient,porous,proton,-0.03325712694932559
0.42,7.6,,0.7979999999999999,-0.0979965644209375,,-0.37675070960209955,0.8808135922807914,ion_gradient,hydrogel,proton,
0.275,7.6,2.1,0.5225,-0.2819128740320925,0.3222192947339193,-0.5606673061697374,0.8808135922807914,ion_gradient,porous,proton,-0.6041321687660117
1.3,7.69,2.5,2.4992500000000004,0.3978098745501945,0.3979400086720376,0.11394335230683679,0.8859263398014311,ion_gradient,film,proton,-0.00013013412184309514
0.78,8.3,0.7,1.6185000000000005,0.2091129720699776,-0.1549019599857432,-0.10790539730951958,0.919078092376074,ion_gradient,porous,other_cation,0.3640149320557208
0.88,9.4,0.2536,2.068,0.315550744428857,-0.5958507507903049,-0.05551732784983137,0.9731278535996987,ion_gradient,hydrogel + porous,other_cation,0.9114014952191619
0.88,10.0,1.36,2.2,0.3424228782287441,0.13353890837021754,-0.05551732784983137,1.0,ion_gradient,porous,proton,0.20888396985852659
0.8,14.25,11.4,2.85,0.4548450123925122,1.0569048513364727,-0.09691001300805639,1.153814864344529,ion_gradient,hydrogel,other_cation,-0.6020598389439605
0.65,15.0,,2.4375,0.386944802542633,,-0.18708664335714442,1.1760912590556813,ion_gradient,hydrogel,other_cation,
0.75,15.0,9.0,2.8125,0.4490926855352072,0.9542425094393249,-0.12493873660829995,1.1760912590556813,ion_gradient,porous,proton,-0.5051498239041177
1.38,16.0,5.52,5.52,0.7419391564057284,0.7419390777291989,0.13987908640123647,1.2041199826559248,ion_gradient,film,proton,7.867652951354387e-08
0.35,16.67,,1.458625,0.1639439505925984,,-0.4559319556497244,1.2219355998280053,ion_gradient,hydrogel,anion,
0.45,18.0,2.02,2.025,0.3064252420170452,0.3053513694466238,-0.3467874862246563,1.255272505103306,ion_gradient,porous,proton,0.001073872570421408
0.57,19.25,0.71,2.743125,0.4382457565100884,-0.14874165128092473,-0.24412514432750865,1.2844307338445196,ion_gradient,porous,proton,0.5869874077910131
0.55,20.0,7.0,2.75,0.4393328517555001,0.8450980400142568,-0.2596373105057561,1.3010299956639813,ion_gradient,porous,other_cation,-0.40576518825875674
0.2,20.6,0.27,1.03,0.0128376463500955,-0.5686362358410126,-0.6989700043360187,1.3138672203691535,ion_gradient,porous,other_cation,0.5814738821911082
1.86,21.8,10.14,10.137,1.0059094893370626,1.0060379549973173,0.26951294421791633,1.3384564936046048,ion_gradient,hydrogel + film,proton,-0.0001284656602547063
0.8,22.0,,4.4,0.6434527751894676,,-0.09691001300805639,1.3424226808222062,ion_gradient,hydrogel,other_cation,
0.2,23.75,0.48,1.1875,0.0746339840184191,-0.3187587626244128,-0.6989700043360187,1.3756636139608853,ion_gradient,hydrogel,other_cation,0.39339274664283186
1.03,23.8,9.12,6.128500000000001,0.7873542612984434,0.9599948383284161,0.012837224705172217,1.376576957056512,ion_gradient,hydrogel + porous,other_cation,-0.1726405770299727
0.52,30.625,10.5,3.98125,0.6000195587643682,1.021189299069938,-0.28399665636520083,1.4860760973725888,ion_gradient,film,other_cation,-0.42116974030556986
0.7,33.9,3.48,5.932499999999999,0.7732378200953514,0.541579243946581,-0.1549019599857432,1.530199698203082,ion_gradient,hydrogel + porous,other_cation,0.2316585761487704
0.47,40.0,,4.699999999999999,0.6720979503387888,,-0.3279021420642826,1.6020599913279623,ion_gradient,porous,other_cation,
0.26,46.37,2.84,3.01405,0.4791505966286419,0.45331834004703764,-0.585026652029182,1.6662370958958044,ion_gradient,porous,other_cation,0.025832256581604263
0.5,49.0,12.43,6.125,0.7871061639417858,1.0944711286416449,-0.3010299956639812,1.6901960800285136,ion_gradient,hydrogel,other_cation,-0.3073649646998591
0.43,62.0,6.7,6.665,0.8238002189103355,0.8260748027008264,-0.36653154442041347,1.792391689498254,ion_gradient,porous,other_cation,-0.002274583790490947
0.91,70.0,9.2,15.925,1.2020794682786262,0.9637878273455552,-0.040958607678906384,1.845098040014257,ion_gradient,hydrogel + porous,other_cation,0.23829164093307098
0.65,72.5,38.88,11.78125,1.0711914087490777,1.589726256254237,-0.18708664335714442,1.8603380065709938,ion_gradient,film,proton,-0.5185348475051592
0.38,100.0,9.5,9.5,0.977723651004054,0.9777236052888477,-0.42021640338318983,2.0,ion_gradient,film,proton,4.571520628715575e-08
0.5,100.0,12.0,12.5,1.0969100477516136,1.0791812460476249,-0.3010299956639812,2.0,ion_gradient,porous,other_cation,0.017728801703988717
0.8,100.0,17.0,20.0,1.3010300173787048,1.2304489213782739,-0.09691001300805639,2.0,ion_gradient,film,proton,0.07058109600043094
0.55,100.0,45.0,13.750000000000002,1.1383027297513335,1.6532125137753437,-0.2596373105057561,2.0,ion_gradient,film,other_cation,-0.5149097840240102
0.8,120.0,13.0,24.0,1.3802112598072092,1.1139433523068367,-0.09691001300805639,2.0791812460476247,ion_gradient,film,proton,0.26626790750037244
0.9,126.0,16.0,28.35,1.4525530785479546,1.2041199826559248,-0.045757490560675115,2.100370545117563,ion_gradient,film,proton,0.24843309589202978
0.88,306.0,51.0,67.32000000000001,1.8281441137549816,1.7075701760979363,-0.05551732784983137,2.48572142648158,ion_gradient,hydrogel,other_cation,0.12057393765704538
1.15,480.0,110.0,138.0,2.1398790895482978,2.041392685158225,0.06069784035361165,2.681241237375587,ion_gradient,porous,proton,0.09848640439007283
0.52,625.0,384.0,81.25,1.909823374996075,2.584331224367531,-0.28399665636520083,2.7958800173440754,ion_gradient,film,proton,-0.674507849371456
0.92,1550.0,88.0,356.5,2.552059535406101,1.9444826721501687,-0.036212172654444715,3.1903316981702914,ion_gradient,film,proton,0.6075768632559324
0.8,1600.0,88.0,320.0,2.505149979677076,1.9444826721501687,-0.09691001300805639,3.2041199826559246,ion_gradient,film,proton,0.5606673075269075
0.73,22.37,1.92,4.082525,0.6109289592680012,0.28330122870354957,-0.1366771398795441,1.3496659840966296,ion_gradient,porous,proton,0.3276277305644516
0.3,0.033,,0.002475,-2.6062493596519194,,-0.5228787452803376,-1.4814860601221125,ion_gradient,porous,other_cation,
