canonical_row_index,paper_doi,structure_class
0,10.1038/nnano.2016.300,porous
1,10.1021/acsaelm.9b00419,porous
2,10.1002/adma.202514202,porous
3,10.1016/j.joule.2022.02.002,porous
4,10.1016/j.ceramint.2023.05.033,porous
5,10.1038/s44221-024-00311-9,porous
6,10.1016/j.nanoen.2019.02.011,porous
7,10.1016/j.nanoen.2019.05.079,porous
8,10.1002/adfm.202104732,porous
9,10.1016/j.jmst.2020.11.002,porous
10,10.1002/adma.202310260,film
11,10.1016/j.apmt.2023.101801,porous
12,10.1016/j.applthermaleng.2019.114623,porous
13,10.1039/C8TA12328D,porous
14,10.1021/acsami.9b09582,porous
15,10.1038/s41467-024-54216-y,porous
16,10.1002/aenm.201702481,porous
17,10.1016/j.cej.2021.132759,porous
18,10.1016/j.jcis.2024.02.057,porous
19,10.1016/j.nanoen.2020.105522,porous
20,10.1002/adfm.201700551,porous
21,10.1021/acsami.9b23380,porous
22,10.1016/j.nanoen.2019.03.041,porous
23,10.1021/acsami.1c13487,porous
24,10.1002/adma.202003720,porous
25,10.1016/j.scib.2019.06.020,porous
26,10.1016/j.nanoen.2023.108491,porous
27,10.1038/s41467-024-49429-0,film
28,10.1021/acsami.2c18317,porous
29,10.1016/j.cej.2025.163895,porous
30,10.1021/acssuschemeng.3c01952,porous
31,10.1016/j.matt.2025.102200,hydrogel
32,10.1021/acsami.4c12675,porous
33,10.1039/c9gc04310a,porous
34,10.1038/s41598-021-90374-5,porous
35,10.1016/j.nanoen.2018.12.042,porous
36,10.1016/j.ceramint.2025.12.050,porous
37,10.1016/j.jpowsour.2023.233007,porous
38,10.1002/adfm.202521733,porous
39,10.1039/d5mh01101a,porous
40,10.1002/advs.202400856,film
41,10.1021/acsami.1c04508,porous
42,10.1016/j.nanoen.2020.104663,porous
43,10.1002/adfm.202208933,porous
44,10.1016/j.ceramint.2024.03.066,porous
45,10.1002/advs.202304482,porous
46,10.1002/adfm.202419753,porous
47,10.1016/j.nanoen.2020.105096,porous
48,10.1002/adfm.202314231,porous
49,10.1016/j.cej.2022.140568,porous
50,10.1021/jacs.3c13159,porous
51,10.1021/acsami.4c07729,porous
52,10.1016/j.nanoen.2025.110992,porous
53,10.1038/s41467-022-34496-y,porous
54,10.1002/adfm.202418823,porous
55,10.1016/j.nanoen.2019.104385,porous
56,10.1016/j.jpowsour.2024.235934,porous
57,10.1002/eem2.70017,porous
58,10.1002/adfm.202510747,porous
59,10.1016/j.nanoen.2022.107241,porous
60,10.1016/j.cej.2025.171723,porous
61,10.1002/adfm.202531296,porous
62,10.1021/acsnano.4c00990,porous
63,10.1021/acsami.4c01026,porous
64,10.1021/acsami.3c04726,porous
65,10.1002/adma.202312209,film
66,10.1039/d0ee02730h,porous
67,10.1016/j.nanoen.2022.107378,porous
68,10.1016/j.nanoen.2025.110731,porous
69,10.1016/j.nanoen.2023.108348,porous
70,10.1016/j.nanoen.2020.104502,porous
71,10.1002/smll.202400961,porous
72,10.1002/smll.202511802,porous
73,10.1002/adfm.201901798,porous
74,10.1002/adfm.202203666,porous
75,10.1016/j.cej.2021.133236,porous
76,10.1038/s41565-024-01691-5,film
77,10.1038/s41467-022-32105-6,film
78,10.1021/acsapm.4c00849,hydrogel
79,10.1021/acsami.8b16529,porous
80,10.1016/j.carbon.2024.119008,porous
81,10.1016/j.surfin.2023.102853,porous
82,10.1002/smll.202306318,porous
83,10.1016/j.carbon.2023.118687,porous
84,10.1039/d5cc02475g,porous
85,10.1039/d3ta03468b,hydrogel
86,10.1002/anie.201602708,porous
87,10.1016/j.nanoen.2020.104610,porous
88,10.1016/j.nanoen.2023.108973,porous
89,10.1021/acsnano.0c04686,porous
90,10.1039/d0ta11974a,porous
91,10.1021/acsaem.4c00368,porous
92,10.1021/acsami.0c17931,porous
93,10.1039/d1ta10865d,porous
94,10.1039/c8ta02505c,porous
95,10.1002/adfm.202418834,porous
96,10.1016/j.nanoen.2021.106529,porous
97,10.1021/acsnano.4c09494,porous
98,10.1016/j.cej.2024.156026,porous
99,10.1002/adma.202509865,porous
100,10.1002/adma.202304099,porous
101,10.1038/s41586-020-2010-9,film
102,10.1002/advs.202206483,porous
103,10.1021/acsami.3c14264,porous
104,10.1016/j.reactfunctpolym.2023.105806,porous
105,10.1039/C9EE00838A,porous
106,10.1016/j.applthermaleng.2025.127255,porous
107,10.1016/j.apsusc.2025.164747,porous
108,10.1021/acsnano.1c07186,film
109,10.1021/acs.langmuir.2c00566,porous
110,10.1016/j.nanoen.2022.107017,porous
111,10.1016/j.nanoen.2020.104922,porous
112,10.1038/s41467-024-49393-9,hydrogel
113,10.1016/j.nanoen.2024.110187,film
114,10.1063/5.0139883,porous
115,10.1016/j.enconman.2023.117256,hydrogel
116,10.1016/j.cej.2023.143443,film
117,10.1021/acssuschemeng.5c09332,hydrogel
118,10.1016/j.nanoen.2020.105630,porous
119,10.1021/acsnano.3c08543,hydrogel
120,10.1021/acsami.2c12777,porous
121,10.1016/j.nanoen.2021.106361,film
122,10.1038/s41467-022-31221-7,porous
124,10.1039/d4cc01652a,porous
125,10.1038/s41467-025-61898-5,hydrogel
126,10.1002/adma.202201228,hydrogel
127,10.1016/j.nanoen.2021.106605,porous
128,10.1038/s41565-021-00903-6,film
129,10.1021/acsnano.4c01179,hydrogel
130,10.1039/C8EE01502C,porous
131,10.1021/acs.nanolett.2c00919,porous
132,10.1021/acsami.3c08618,porous
133,10.1039/d5ta06289f,porous
135,10.1016/j.cej.2025.164788,hydrogel
136,10.1039/d2ta05221k,hydrogel
138,10.1021/acsami.4c03828,film
140,10.1016/j.cej.2024.153411,porous
141,10.1016/j.cej.2024.151660,porous
142,10.1038/s41467-025-60341-z,hydrogel
143,10.1063/5.0083220,porous
145,10.1016/j.nanoen.2022.107709,film
146,10.1016/j.cej.2023.145325,film
147,10.1038/s41467-022-30156-3,porous
148,10.1039/C9EE00252A,film
149,10.1021/acsenergylett.3c00023,film
150,10.1002/adfm.202308620,film
151,10.1002/advs.202300750,film
152,10.1038/s41467-024-50396-9,hydrogel
153,10.1016/j.cej.2023.142097,porous
154,10.1039/d4ta05041j,film
155,10.1002/adma.202103897,film
156,10.1039/D3EE00843F,film
157,10.1016/j.nanoen.2024.110291,porous
158,10.1016/j.renene.2025.123945,porous
